
CREATE TABLE SHIPPERS
(
  SHIPPER_ID SERIAL PRIMARY KEY,
  FULL_NAME VARCHAR(30) NOT NULL,
  PHONE_NUMBER VARCHAR(10) NOT NULL,
  STATUS INT NOT NULL,
  EMAIL VARCHAR(50) NOT NULL,
  CHECK(STATUS >= 0 AND STATUS <= 3)
);

CREATE TABLE CITIES
(
  CITY_ID SERIAL PRIMARY KEY,
  CITY_NAME VARCHAR(30) NOT NULL
);

CREATE TABLE ADDRESSES
(
  ADDRESS_ID SERIAL PRIMARY KEY,
  ADDRESS VARCHAR(50) NOT NULL,
  DISTRICT VARCHAR(30) NOT NULL,
  CITY_ID SERIAL NOT NULL,
  FOREIGN KEY (CITY_ID) REFERENCES CITIES(CITY_ID),
  POSTAL_CODE VARCHAR(10) NOT NULL
);


CREATE TABLE CUSTOMERS
(
  CUSTOMER_ID SERIAL PRIMARY KEY,
  FULL_NAME VARCHAR(40) NOT NULL,
  PHONE VARCHAR(12)   NOT NULL,
  PASS_WORD VARCHAR(9) NOT NULL,
  EMAIL VARCHAR(100) NOT NULL,
  ADDRESS_ID SERIAL  NOT NULL,
  FOREIGN KEY (ADDRESS_ID) REFERENCES ADDRESSES(ADDRESS_ID)
);

CREATE TABLE PRODUCTS
(
  PRODUCT_ID SERIAL PRIMARY KEY,
  PRODUCT_NAME VARCHAR(10000) NOT NULL,
  UNIT_PRICE MONEY NOT NULL,
  AMOUNT INT NOT NULL,
  TYPE INT NOT NULL,
  BRAND_ID INT NOT NULL,
  DESCRIPTION VARCHAR(10000000) NOT NULL,
  CHECK(AMOUNT >= 0 AND TYPE >= 0 AND TYPE <= 5)
);

CREATE TABLE VOUCHERS
(
  VOUCHER_ID SERIAL PRIMARY KEY,
  NAME VARCHAR(30) NOT NULL,
  DAY_START DATE NOT NULL,
  DAY_OFF DATE NOT NULL,
  PERCENT_OFF INT NOT NULL,
  AMOUNT INT NOT NULL,
  PRODUCT_ID INT NOT NULL,
  FOREIGN KEY (PRODUCT_ID) REFERENCES PRODUCTS(PRODUCT_ID),
  CHECK(PERCENT_OFF <= 70 AND PERCENT_OFF >= 10 AND AMOUNT >= 0)
);

CREATE TABLE ORDERS
(
  ORDER_ID SERIAL PRIMARY KEY,
  TIME DATE,
  TOTAL_PRICE MONEY,
  ADDRESS VARCHAR(50),
  STATUS INT NOT NULL,
  CUSTOMER_ID INT, 
  SHIPPER_ID INT,
  FOREIGN KEY (CUSTOMER_ID) REFERENCES CUSTOMERS(CUSTOMER_ID),
  FOREIGN KEY (SHIPPER_ID) REFERENCES SHIPPERS(SHIPPER_ID),
  CHECK( STATUS >= 0 AND STATUS <= 3)
);

CREATE TABLE LIST
(
  QUANTITY INT NOT NULL,
  PRODUCT_ID INT NOT NULL,
  ORDER_ID INT NOT NULL,
  FOREIGN KEY (PRODUCT_ID) REFERENCES PRODUCTS(PRODUCT_ID),
  FOREIGN KEY (ORDER_ID) REFERENCES ORDERS(ORDER_ID),
  CHECK(QUANTITY >= 0)
);


CREATE TABLE PRODUCTS_BRAND
(
  BRAND_ID SERIAL PRIMARY KEY,
  BRAND_NAME VARCHAR(30) NOT NULL
);


INSERT INTO PRODUCTS_BRAND (BRAND_NAME)
VALUES
  ('Adidas'),
  ('Apacs'),
  ('Kawasaki'),
  ('Kumpoo'),
  ('Lining'),
  ('Mizuno'),
  ('Proace'),
  ('Victor'),
  ('VNB'),
  ('Yonex');




-- Tạo dữ liệu mẫu cho bảng PRODUCTS
INSERT INTO PRODUCTS (PRODUCT_NAME, UNIT_PRICE, AMOUNT, TYPE, BRAND_ID, DESCRIPTION)
VALUES
  -- Vợt Cầu Lông 
  ('Vợt Cầu Lông Yonex Astrox 88D', 3500.00, 20, 0, 10, 'Vợt cầu lông cao cấp, chất lượng tốt, phù hợp cho người chơi trình độ cao.'),
  ('Vợt Cầu Lông Victor Brave Sword 12', 2800.00, 15, 0, 8, 'Vợt cầu lông với thiết kế hiện đại, độ ổn định và kiểm soát tốt.'),
  ('Vợt Cầu Lông Lining Windstorm X90', 3000.00, 18, 0, 5, 'Vợt cầu lông với công nghệ hiện đại, tăng khả năng tấn công và phòng ngự.'),
  ('Vợt Cầu Lông Mizuno Fortius 900', 2500.00, 22, 0, 6, 'Vợt cầu lông với trọng lượng vừa phải, tạo cảm giác thoải mái khi cầm nắm.'),
  ('Vợt Cầu Lông Apacs Virtuoso 99', 2200.00, 25, 0, 2, 'Vợt cầu lông với khung đan chắc chắn, giúp tăng lực bật bóng.'),

  -- Giày Cầu Lông
  ('Giày Cầu Lông Yonex SHB-65Z2M', 1800.00, 30, 1, 10, 'Giày cầu lông chất lượng, êm chân, độ bám tốt, phù hợp cho người chơi cầu lông.'),
  ('Giày Cầu Lông Victor SH-A960', 1600.00, 28, 1, 8, 'Giày cầu lông với thiết kế thoáng khí, hỗ trợ di chuyển linh hoạt.'),
  ('Giày Cầu Lông Lining AYTJ005-4', 1700.00, 32, 1, 5, 'Giày cầu lông với đế cao su chống trượt, tăng độ bám sân.'),
  ('Giày Cầu Lông Mizuno Wave Exceed Tour 4 CC', 1900.00, 26, 1, 6, 'Giày cầu lông với thiết kế nhẹ và thoáng, giúp người chơi thoải mái.'),
  ('Giày Cầu Lông Apacs Jetspeed X2', 1500.00, 35, 1, 2, 'Giày cầu lông với công nghệ đế giúp tăng độ bám và ổn định khi di chuyển.'),

  -- Quần Áo Cầu Lông
  ('Áo Cầu Lông Yonex 10283EX', 500.00, 40, 2, 10, 'Áo cầu lông chất liệu thoáng mát, co giãn tốt, tạo cảm giác thoải mái khi chơi.'),
  ('Quần Cầu Lông Victor R-09000', 450.00, 38, 2, 8, 'Quần cầu lông với thiết kế thoáng khí, giúp người chơi di chuyển dễ dàng.'),
  ('Áo Quần Cầu Lông Lining AAYM013-1', 600.00, 42, 2, 5, 'Bộ quần áo chơi cầu lông, chất liệu co giãn, thoáng mát.'),
  ('Áo Cầu Lông Mizuno 73CL8A0109', 550.00, 36, 2, 6, 'Áo cầu lông thiết kế thoáng khí, giúp người chơi luôn cảm thấy thoải mái.'),
  ('Quần Cầu Lông Apacs AP-301', 480.00, 44, 2, 2, 'Quần cầu lông với chất liệu co giãn, phù hợp cho mọi hoạt động.');

-- Tạo dữ liệu mẫu cho bảng PRODUCTS
INSERT INTO PRODUCTS (PRODUCT_NAME, UNIT_PRICE, AMOUNT, TYPE, BRAND_ID, DESCRIPTION)
VALUES
  -- Vợt Cầu Lông (tiếp tục)
  ('Vợt Cầu Lông VNB Supreme 1000', 2900.00, 17, 0, 9, 'Vợt cầu lông với thiết kế đẹp mắt, độ bền và hiệu suất tốt.'),
  ('Vợt Cầu Lông Adidas Adizero 8.0', 3000.00, 19, 0, 1, 'Vợt cầu lông với trọng lượng nhẹ, giúp người chơi linh hoạt.'),
  ('Vợt Cầu Lông Victor Jetspeed S 12', 3100.00, 14, 0, 8, 'Vợt cầu lông với công nghệ tiên tiến, tăng tốc độ và sức mạnh.'),
  ('Vợt Cầu Lông Lining Turbo X90', 2900.00, 16, 0, 5, 'Vợt cầu lông với thiết kế cân bằng, mang lại cảm giác tuyệt vời.'),
  ('Vợt Cầu Lông Mizuno Fortius 800', 2700.00, 21, 0, 6, 'Vợt cầu lông với chất lượng cao, phù hợp cho các cấp độ chơi.'),

  -- Giày Cầu Lông (tiếp tục)
  ('Giày Cầu Lông Kawasaki KS-600', 1650.00, 29, 1, 3, 'Giày cầu lông với thiết kế thoáng khí, tăng độ bám và hỗ trợ di chuyển.'),
  ('Giày Cầu Lông Kumpoo KS-800', 1800.00, 27, 1, 4, 'Giày cầu lông với công nghệ đệm êm ái, giúp giảm tải trọng cho bàn chân.'),
  ('Giày Cầu Lông Proace Ace 1000', 1700.00, 31, 1, 7, 'Giày cầu lông với độ ổn định cao, phù hợp cho các hoạt động cầu lông.'),
  ('Giày Cầu Lông VNB Champion 500', 1550.00, 33, 1, 9, 'Giày cầu lông với thiết kế hiện đại, thoáng khí và có độ bám tốt.'),
  ('Giày Cầu Lông Adidas Barricade 2023', 1850.00, 24, 1, 1, 'Giày cầu lông với công nghệ tối ưu hóa, giúp người chơi di chuyển linh hoạt.'),
  ('Giày Cầu Lông Victor SH-P9200', 1750.00, 26, 1, 8, 'Giày cầu lông với thiết kế thoáng khí, êm ái và bền bỉ.'),
  ('Giày Cầu Lông Lining AYTM005-2', 1600.00, 30, 1, 5, 'Giày cầu lông với công nghệ đế chống trượt, tăng độ bám sân.'),
  ('Giày Cầu Lông Mizuno Wave Stealth V', 1900.00, 23, 1, 6, 'Giày cầu lông với thiết kế nhẹ và linh hoạt, mang lại cảm giác thoải mái.'),
  ('Giày Cầu Lông Apacs Jetspeed X3', 1600.00, 28, 1, 2, 'Giày cầu lông với công nghệ đệm cao cấp, hỗ trợ di chuyển tối ưu.'),

  -- Quần Áo Cầu Lông (tiếp tục)
  ('Áo Cầu Lông Yonex 10283EX', 500.00, 40, 2, 10, 'Áo cầu lông chất liệu thoáng mát, co giãn tốt, tạo cảm giác thoải mái khi chơi.'),
  ('Quần Cầu Lông Victor R-09000', 450.00, 38, 2, 8, 'Quần cầu lông với thiết kế thoáng khí, giúp người chơi di chuyển dễ dàng.'),
  ('Áo Quần Cầu Lông Lining AAYM013-1', 600.00, 42, 2, 5, 'Bộ quần áo chơi cầu lông, chất liệu co giãn, thoáng mát.'),
  ('Áo Cầu Lông Mizuno 73CL8A0109', 550.00, 36, 2, 6, 'Áo cầu lông thiết kế thoáng khí, giúp người chơi luôn cảm thấy thoải mái.'),
  ('Quần Cầu Lông Apacs AP-301', 480.00, 44, 2, 2, 'Quần cầu lông với chất liệu co giãn, phù hợp cho mọi hoạt động.'),
  ('Áo Cầu Lông Kawasaki KS-5100', 520.00, 37, 2, 3, 'Áo cầu lông với chất liệu thoáng khí, tạo cảm giác thoải mái khi chơi.'),
  ('Quần Cầu Lông Kumpoo KP-7000', 490.00, 41, 2, 4, 'Quần cầu lông với thiết kế linh hoạt, giúp người chơi di chuyển dễ dàng.'),
  ('Áo Quần Cầu Lông Proace S-2000', 580.00, 35, 2, 7, 'Bộ quần áo cầu lông chất lượng cao, phù hợp cho cả tập luyện và thi đấu.'),
  ('Áo Cầu Lông VNB Ace 300', 500.00, 39, 2, 9, 'Áo cầu lông với thiết kế hiện đại, chất liệu thoáng mát.'),
  ('Bộ Quần Áo Cầu Lông Adidas A100', 620.00, 33, 2, 1, 'Bộ quần áo cầu lông với công nghệ hiện đại, tăng hiệu suất vận động.');

-- Tạo dữ liệu mẫu cho bảng PRODUCTS
INSERT INTO PRODUCTS (PRODUCT_NAME, UNIT_PRICE, AMOUNT, TYPE, BRAND_ID, DESCRIPTION)
VALUES
  -- Phụ Kiện Cầu Lông
  ('Bao Tay Cầu Lông Yonex AC133', 150.00, 60, 3, 10, 'Bao tay cầu lông chất lượng, giúp tăng độ ma sát khi cầm vợt.'),
  ('Băng Cổ Tay Cầu Lông Victor VT-0120', 80.00, 80, 3, 8, 'Băng cổ tay hỗ trợ và bảo vệ cổ tay khi chơi cầu lông.'),
  ('Tất Cầu Lông Lining ASTC002-1', 50.00, 90, 3, 5, 'Tất cầu lông có độ thấm hút tốt, giúp chân thoải mái khi chơi.'),
  ('Khăn Quấn Tay Cầu Lông Mizuno 73WR8A0109', 40.00, 100, 3, 6, 'Khăn quấn tay giúp hấp thụ mồ hôi, tăng độ bám tay khi cầm vợt.'),
  ('Dây Cầu Lông Apacs AP-DY01', 120.00, 70, 3, 2, 'Dây cầu lông chất lượng, độ bền cao, dễ dàng thay thế.'),
  ('Bao Tay Cầu Lông Kawasaki KG-201', 160.00, 55, 3, 3, 'Bao tay cầu lông với chất liệu cao cấp, tăng độ ma sát khi cầm vợt.'), 
  ('Băng Cổ Tay Cầu Lông Kumpoo KW-001', 90.00, 75, 3, 4, 'Băng cổ tay hỗ trợ và bảo vệ cổ tay, giúp người chơi thoải mái.'),
  ('Tất Cầu Lông Proace ST-100', 60.00, 85, 3, 7, 'Tất cầu lông thoáng khí, hút ẩm tốt, mang lại cảm giác thoải mái.'),
  ('Khăn Quấn Tay Cầu Lông VNB TX-01', 45.00, 95, 3, 9, 'Khăn quấn tay giúp người chơi tăng độ bám tay, giảm mệt mỏi.'),
  ('Bao Tay Cầu Lông Adidas AD-BT01', 170.00, 50, 3, 1, 'Bao tay cầu lông cao cấp, tăng độ ma sát và hỗ trợ cầm vợt.'),

  -- Túi Đựng Vợt Cầu Lông
  ('Túi Đựng Vợt Cầu Lông Yonex BAG2012EX', 650.00, 40, 4, 10, 'Túi đựng vợt chất lượng, có nhiều ngăn tiện dụng, dễ mang theo.'),
  ('Túi Đựng Vợt Cầu Lông Victor BR9208', 580.00, 35, 4, 8, 'Túi đựng vợt với thiết kế nhẹ, có dây đeo vai thoải mái.'),
  ('Túi Đựng Vợt Cầu Lông Lining ABJK002-1', 620.00, 38, 4, 5, 'Túi đựng vợt với nhiều ngăn chứa, bảo vệ vợt an toàn.'),
  ('Túi Đựng Vợt Cầu Lông Mizuno 73TB8A0109', 600.00, 42, 4, 6, 'Túi đựng vợt thiết kế thời trang, gọn nhẹ, dễ mang theo.'),
  ('Túi Đựng Vợt Cầu Lông Apacs AP-TB01', 550.00, 45, 4, 2, 'Túi đựng vợt chất lượng cao, có nhiều ngăn để đựng các phụ kiện.'),
  ('Túi Đựng Vợt Cầu Lông Kawasaki KT-301', 600.00, 37, 4, 3, 'Túi đựng vợt với thiết kế tiện lợi, dễ mang theo khi di chuyển.'),
  ('Túi Đựng Vợt Cầu Lông Kumpoo KBG-100', 630.00, 33, 4, 4, 'Túi đựng vợt với chất liệu bền đẹp, bảo vệ vợt an toàn.'),
  ('Túi Đựng Vợt Cầu Lông Proace TB-2000', 580.00, 39, 4, 7, 'Túi đựng vợt thiết kế sang trọng, có nhiều ngăn chứa tiện dụng.'),
  ('Túi Đựng Vợt Cầu Lông VNB TV-01', 560.00, 43, 4, 9, 'Túi đựng vợt chất lượng cao, kiểu dáng hiện đại, dễ mang theo.'),
  ('Túi Đựng Vợt Cầu Lông Adidas AD-TB01', 650.00, 35, 4, 1, 'Túi đựng vợt với chất liệu cao cấp, bảo vệ vợt tốt, tiện mang theo.'),

  -- Bóng Cầu Lông
  ('Bóng Cầu Lông Yonex 5000', 120.00, 200, 5, 10, 'Bóng cầu lông chất lượng cao, độ bật tốt, phù hợp cho tập luyện và thi đấu.'),
  ('Bóng Cầu Lông Victor Future 1000', 110.00, 180, 5, 8, 'Bóng cầu lông có độ bền cao, tạo cảm giác tốt khi chơi.'),
  ('Bóng Cầu Lông Lining A++', 130.00, 190, 5, 5, 'Bóng cầu lông với độ đàn hồi tốt, phù hợp cho mọi người.'),
  ('Bóng Cầu Lông Mizuno 73BL8A0109', 140.00, 210, 5, 6, 'Bóng cầu lông chất lượng cao, độ bền cao, giúp tăng hiệu suất chơi.'),
  ('Bóng Cầu Lông Apacs AP-BL01', 100.00, 220, 5, 2, 'Bóng cầu lông với độ bền cao, giúp tăng khả năng tập luyện.'),
  ('Bóng Cầu Lông Kawasaki KB-100', 150.00, 195, 5, 3, 'Bóng cầu lông chất lượng cao, độ bền cao, giúp tăng hiệu suất chơi.'),
  ('Bóng Cầu Lông Kumpoo KB-200', 125.00, 205, 5, 4, 'Bóng cầu lông với độ bền cao, giúp tăng khả năng tập luyện.'),
  ('Bóng Cầu Lông Proace PB-1000', 135.00, 185, 5, 7, 'Bóng cầu lông chất lượng cao, độ bền cao, giúp tăng hiệu suất chơi.'),
  ('Bóng Cầu Lông VNB VB-01', 115.00, 195, 5, 9, 'Bóng cầu lông với độ bền cao, giúp tăng khả năng tập luyện.'),
  ('Bóng Cầu Lông Adidas AD-BL01', 145.00, 210, 5, 1, 'Bóng cầu lông chất lượng cao, độ bền cao, giúp tăng hiệu suất chơi.');

-- Tạo dữ liệu mẫu cho bảng PRODUCTS
INSERT INTO PRODUCTS (PRODUCT_NAME, UNIT_PRICE, AMOUNT, TYPE, BRAND_ID, DESCRIPTION)
VALUES
  -- Vợt Cầu Lông
  ('Vợt Cầu Lông Yonex Astrox 88D', 3500.00, 20, 0, 10, 'Vợt cầu lông cao cấp, chất lượng tốt, phù hợp cho người chơi trình độ cao.'),
  ('Vợt Cầu Lông Victor Brave Sword 12', 2800.00, 15, 0, 8, 'Vợt cầu lông với thiết kế hiện đại, độ ổn định và kiểm soát tốt.'),
  ('Vợt Cầu Lông Lining Windstorm X90', 3000.00, 18, 0, 5, 'Vợt cầu lông với công nghệ hiện đại, tăng khả năng tấn công và phòng ngự.'),
  ('Vợt Cầu Lông Mizuno Fortius 900', 2500.00, 22, 0, 6, 'Vợt cầu lông với trọng lượng vừa phải, tạo cảm giác thoải mái khi cầm nắm.'),
  ('Vợt Cầu Lông Apacs Virtuoso 99', 2200.00, 25, 0, 2, 'Vợt cầu lông với khung đan chắc chắn, giúp tăng lực bật bóng.'),
  ('Vợt Cầu Lông Kawasaki Rexel 7000', 2800.00, 18, 0, 3, 'Vợt cầu lông với thiết kế hiện đại, tăng cường sức mạnh và độ bền.'),
  ('Vợt Cầu Lông Kumpoo KR-V12', 3200.00, 16, 0, 4, 'Vợt cầu lông với công nghệ hiện đại, tối ưu hóa lực tấn công.'),
  ('Vợt Cầu Lông Proace Power 999', 2600.00, 20, 0, 7, 'Vợt cầu lông với kiểm soát tốt, phù hợp cho người chơi trình độ cao.'),
  ('Vợt Cầu Lông VNB Supreme 1000', 2900.00, 17, 0, 9, 'Vợt cầu lông với thiết kế đẹp mắt, độ bền và hiệu suất tốt.'),
  ('Vợt Cầu Lông Adidas Adizero 8.0', 3000.00, 19, 0, 1, 'Vợt cầu lông với trọng lượng nhẹ, giúp người chơi linh hoạt.'),
  ('Vợt Cầu Lông Victor Jetspeed S 12', 3100.00, 14, 0, 8, 'Vợt cầu lông với công nghệ tiên tiến, tăng tốc độ và sức mạnh.'),
  ('Vợt Cầu Lông Lining Turbo X90', 2900.00, 16, 0, 5, 'Vợt cầu lông với thiết kế cân bằng, mang lại cảm giác tuyệt vời.'),
  ('Vợt Cầu Lông Mizuno Fortius 800', 2700.00, 21, 0, 6, 'Vợt cầu lông với chất lượng cao, phù hợp cho các cấp độ chơi.'),
  ('Vợt Cầu Lông Yonex Nanoray 800', 3300.00, 15, 0, 10, 'Vợt cầu lông với công nghệ hiện đại, mang lại hiệu suất tối ưu.'),
  ('Vợt Cầu Lông Victor Thruster K 9000', 2900.00, 18, 0, 8, 'Vợt cầu lông với thiết kế cân bằng, độ chính xác và kiểm soát tốt.'),
  ('Vợt Cầu Lông Lining Windstorm X80', 2800.00, 17, 0, 5, 'Vợt cầu lông với công nghệ hiện đại, tăng khả năng phòng ngự và tấn công.'),
  ('Vợt Cầu Lông Mizuno Fortius 700', 2600.00, 20, 0, 6, 'Vợt cầu lông với trọng lượng nhẹ, mang lại cảm giác thoải mái khi cầm.'),
  ('Vợt Cầu Lông Apacs Virtuoso 88', 2300.00, 22, 0, 2, 'Vợt cầu lông với thiết kế hiện đại, độ bền và hiệu suất ổn định.'),
  ('Vợt Cầu Lông Kawasaki Rexel 6000', 2700.00, 16, 0, 3, 'Vợt cầu lông với công nghệ tiên tiến, giúp tối ưu hóa lực tấn công.'),
  ('Vợt Cầu Lông Kumpoo KR-V10', 3000.00, 14, 0, 4, 'Vợt cầu lông với thiết kế cân bằng, mang lại cảm giác chắc tay.'),

  -- Giày Cầu Lông
  ('Giày Cầu Lông Yonex SHB-65Z2M', 1800.00, 30, 1, 10, 'Giày cầu lông chất lượng, êm chân, độ bám tốt, phù hợp cho người chơi cầu lông.'),
  ('Giày Cầu Lông Victor SH-A960', 1600.00, 28, 1, 8, 'Giày cầu lông với thiết kế thoáng khí, hỗ trợ di chuyển linh hoạt.'),
  ('Giày Cầu Lông Lining AYTJ005-4', 1700.00, 32, 1, 5, 'Giày cầu lông với đế cao su chống trượt, tăng độ bám sân.'),
  ('Giày Cầu Lông Apacs Jetspeed X2', 1500.00, 35, 1, 2, 'Giày cầu lông với công nghệ đế giúp tăng độ bám và ổn định khi di chuyển.'),
  ('Giày Cầu Lông Kawasaki KS-600', 1650.00, 29, 1, 3, 'Giày cầu lông với thiết kế thoáng khí, tăng độ bám và hỗ trợ di chuyển.'),
  ('Giày Cầu Lông Kumpoo KS-800', 1800.00, 27, 1, 4, 'Giày cầu lông với công nghệ đệm êm ái, giúp giảm tải trọng cho bàn chân.'),
  ('Giày Cầu Lông Proace Ace 1000', 1700.00, 31, 1, 7, 'Giày cầu lông với độ ổn định cao, phù hợp cho các hoạt động cầu lông.'),
  ('Giày Cầu Lông VNB Champion 500', 1550.00, 33, 1, 9, 'Giày cầu lông với thiết kế hiện đại, thoáng khí và có độ bám tốt.'),
  ('Giày Cầu Lông Adidas Barricade 2023', 1850.00, 24, 1, 1, 'Giày cầu lông với công nghệ tối ưu hóa, giúp người chơi di chuyển linh hoạt.'),
  ('Giày Cầu Lông Victor SH-P9200', 1750.00, 26, 1, 8, 'Giày cầu lông với thiết kế thoáng khí, êm ái và bền bỉ.'),
  ('Giày Cầu Lông Lining AYTM005-2', 1600.00, 30, 1, 5, 'Giày cầu lông với công nghệ đế chống trượt, tăng độ bám sân.'),
  ('Giày Cầu Lông Mizuno Wave Stealth V', 1900.00, 23, 1, 6, 'Giày cầu lông với thiết kế nhẹ và linh hoạt, mang lại cảm giác thoải mái.'),
  ('Giày Cầu Lông Apacs Jetspeed X3', 1600.00, 28, 1, 2, 'Giày cầu lông với công nghệ đệm cao cấp, hỗ trợ di chuyển tối ưu.'),
  ('Giày Cầu Lông Yonex SHB-65Z3M', 1850.00, 25, 1, 10, 'Giày cầu lông với độ bám tốt, thoáng khí và êm ái, phù hợp cho người chơi cấp cao.'),
  ('Giày Cầu Lông Victor SH-A970', 1680.00, 27, 1, 8, 'Giày cầu lông có thiết kế linh hoạt, hỗ trợ di chuyển tối ưu.'),
  ('Giày Cầu Lông Lining AYTJ007-2', 1750.00, 29, 1, 5, 'Giày cầu lông với công nghệ đế chống trượt, tăng độ bám sân và ổn định.'),
  ('Giày Cầu Lông Mizuno Wave Medal 5', 1920.00, 22, 1, 6, 'Giày cầu lông với thiết kế tối ưu, mang lại cảm giác thoải mái khi chơi.'),
  ('Giày Cầu Lông Apacs Jetspeed X4', 1650.00, 26, 1, 2, 'Giày cầu lông với công nghệ đệm cao cấp, giúp giảm tải trọng cho bàn chân.'),

  -- Quần Áo Cầu Lông
  ('Áo Cầu Lông Yonex 10283EX', 500.00, 40, 2, 10, 'Áo cầu lông chất liệu thoáng mát, co giãn tốt, tạo cảm giác thoải mái khi chơi.'),
  ('Quần Cầu Lông Victor R-09000', 450.00, 38, 2, 8, 'Quần cầu lông với thiết kế thoáng khí, giúp người chơi di chuyển dễ dàng.'),
  ('Áo Quần Cầu Lông Lining AAYM013-1', 600.00, 42, 2, 5, 'Bộ quần áo chơi cầu lông, chất liệu co giãn, thoáng mát.'),
  ('Áo Cầu Lông Mizuno 73CL8A0109', 550.00, 36, 2, 6, 'Áo cầu lông thiết kế thoáng khí, giúp người chơi luôn cảm thấy thoải mái.'),
  ('Quần Cầu Lông Apacs AP-301', 480.00, 44, 2, 2, 'Quần cầu lông với chất liệu co giãn, phù hợp cho mọi hoạt động.'),
  ('Áo Cầu Lông Kawasaki KS-5100', 520.00, 37, 2, 3, 'Áo cầu lông với chất liệu thoáng khí, tạo cảm giác thoải mái khi chơi.'),
  ('Quần Cầu Lông Kumpoo KP-7000', 490.00, 41, 2, 4, 'Quần cầu lông với thiết kế linh hoạt, giúp người chơi di chuyển dễ dàng.'),
  ('Áo Quần Cầu Lông Proace S-2000', 580.00, 35, 2, 7, 'Bộ quần áo cầu lông chất lượng cao, phù hợp cho cả tập luyện và thi đấu.'),
  ('Áo Cầu Lông VNB Ace 300', 500.00, 39, 2, 9, 'Áo cầu lông với thiết kế hiện đại, chất liệu thoáng mát.'),
  ('Bộ Quần Áo Cầu Lông Adidas A100', 620.00, 33, 2, 1, 'Bộ quần áo cầu lông với công nghệ hiện đại, tăng hiệu suất vận động.'),
  ('Áo Cầu Lông Yonex 10283EX', 500.00, 40, 2, 10, 'Áo cầu lông chất liệu thoáng mát, co giãn tốt, tạo cảm giác thoải mái khi chơi.'),
  ('Quần Cầu Lông Victor R-09000', 450.00, 38, 2, 8, 'Quần cầu lông với thiết kế thoáng khí, giúp người chơi di chuyển dễ dàng.'),
  ('Áo Quần Cầu Lông Lining AAYM013-1', 600.00, 42, 2, 5, 'Bộ quần áo chơi cầu lông, chất liệu co giãn, thoáng mát.'),
  ('Áo Cầu Lông Mizuno 73CL8A0109', 550.00, 36, 2, 6, 'Áo cầu lông thiết kế thoáng khí, giúp người chơi luôn cảm thấy thoải mái.'),
  ('Quần Cầu Lông Apacs AP-301', 480.00, 44, 2, 2, 'Quần cầu lông với chất liệu co giãn, phù hợp cho mọi hoạt động.'),
  ('Áo Cầu Lông Kawasaki KS-5100', 520.00, 37, 2, 3, 'Áo cầu lông với chất liệu thoáng khí, tạo cảm giác thoải mái khi chơi.'),
  ('Quần Cầu Lông Kumpoo KP-7000', 490.00, 41, 2, 4, 'Quần cầu lông với thiết kế linh hoạt, giúp người chơi di chuyển dễ dàng.'),
  ('Áo Quần Cầu Lông Proace S-2000', 580.00, 35, 2, 7, 'Bộ quần áo cầu lông chất lượng cao, phù hợp cho cả tập luyện và thi đấu.'),
  ('Áo Cầu Lông VNB Ace 300', 500.00, 39, 2, 9, 'Áo cầu lông với thiết kế hiện đại, chất liệu thoáng mát.'),
  ('Bộ Quần Áo Cầu Lông Adidas A100', 620.00, 33, 2, 1, 'Bộ quần áo cầu lông với công nghệ hiện đại, tăng hiệu suất vận động.'),
  ('Áo Cầu Lông Yonex 10283EX', 500.00, 40, 2, 10, 'Áo cầu lông chất liệu thoáng mát, co giãn tốt, tạo cảm giác thoải mái khi chơi.'),
  ('Quần Cầu Lông Victor R-09000', 450.00, 38, 2, 8, 'Quần cầu lông với thiết kế thoáng khí, giúp người chơi di chuyển dễ dàng.'),
  ('Áo Quần Cầu Lông Lining AAYM013-1', 600.00, 42, 2, 5, 'Bộ quần áo chơi cầu lông, chất liệu co giãn, thoáng mát.'),
  ('Bộ Quần Áo Cầu Lông Adidas A100', 620.00, 33, 2, 1, 'Bộ quần áo cầu lông với công nghệ hiện đại, tăng hiệu suất vận động.'),
  ('Áo Cầu Lông Yonex 10383EX', 550.00, 35, 2, 10, 'Áo cầu lông với chất liệu thoáng khí, co giãn tốt, mang lại thoải mái khi chơi.'),
  ('Quần Cầu Lông Victor R-11000', 480.00, 40, 2, 8, 'Quần cầu lông với thiết kế linh hoạt, giúp người chơi di chuyển dễ dàng.'),
  ('Áo Quần Cầu Lông Lining AAYM015-2', 630.00, 38, 2, 5, 'Bộ quần áo chơi cầu lông chất lượng cao, thoáng mát và co giãn tốt.'),
  ('Áo Cầu Lông Mizuno 73CL8A0112', 580.00, 32, 2, 6, 'Áo cầu lông với thiết kế tối ưu, giúp người chơi luôn cảm thấy thoải mái.'),
  ('Quần Cầu Lông Apacs AP-302', 500.00, 42, 2, 2, 'Quần cầu lông chất liệu co giãn, phù hợp cho mọi hoạt động.'),
  ('Áo Cầu Lông Kawasaki KS-5200', 540.00, 35, 2, 3, 'Áo cầu lông với chất liệu thoáng khí, mang lại cảm giác thoải mái khi chơi.'),
  ('Quần Cầu Lông Kumpoo KP-7100', 510.00, 39, 2, 4, 'Quần cầu lông với thiết kế linh hoạt, hỗ trợ di chuyển tốt.'),
  ('Áo Quần Cầu Lông Proace S-2500', 600.00, 30, 2, 7, 'Bộ quần áo cầu lông chất lượng cao, phù hợp cho cả tập luyện và thi đấu.'),
  ('Áo Cầu Lông VNB Ace 400', 520.00, 37, 2, 9, 'Áo cầu lông với thiết kế hiện đại, chất liệu thoáng mát.'),

  -- Phụ Kiện Cầu Lông
  ('Bao Tay Cầu Lông Yonex AC133', 150.00, 60, 3, 10, 'Bao tay cầu lông chất lượng, giúp tăng độ ma sát khi cầm vợt.'),
  ('Băng Cổ Tay Cầu Lông Victor VT-0120', 80.00, 80, 3, 8, 'Băng cổ tay hỗ trợ và bảo vệ cổ tay khi chơi cầu lông.'),
  ('Tất Cầu Lông Lining ASTC002-1', 50.00, 90, 3, 5, 'Tất cầu lông có độ thấm hút tốt, giúp chân thoải mái khi chơi.'),
  ('Khăn Quấn Tay Cầu Lông Mizuno 73WR8A0109', 40.00, 100, 3, 6, 'Khăn quấn tay giúp hấp thụ mồ hôi, tăng độ bám tay khi cầm vợt.'),
  ('Dây Cầu Lông Apacs AP-DY01', 120.00, 70, 3, 2, 'Dây cầu lông chất lượng, độ bền cao, dễ dàng thay thế.'),
  ('Bao Tay Cầu Lông Kawasaki KG-201', 160.00, 55, 3, 3, 'Bao tay cầu lông với chất liệu cao cấp, tăng độ ma sát khi cầm vợt.'),
  ('Băng Cổ Tay Cầu Lông Kumpoo KW-001', 90.00, 75, 3, 4, 'Băng cổ tay hỗ trợ và bảo vệ cổ tay, giúp người chơi thoải mái.'),
  ('Tất Cầu Lông Proace ST-100', 60.00, 85, 3, 7, 'Tất cầu lông thoáng khí, hút ẩm tốt, mang lại cảm giác thoải mái.'),
  ('Khăn Quấn Tay Cầu Lông VNB TX-01', 45.00, 95, 3, 9, 'Khăn quấn tay giúp người chơi tăng độ bám tay, giảm mệt mỏi.'),
  ('Bao Tay Cầu Lông Adidas AD-BT01', 170.00, 50, 3, 1, 'Bao tay cầu lông cao cấp, tăng độ ma sát và hỗ trợ cầm vợt.'),
  ('Bao Tay Cầu Lông Yonex AC135', 160.00, 55, 3, 10, 'Bao tay cầu lông chất lượng cao, giúp tăng độ bám khi cầm vợt.'),
  ('Băng Cổ Tay Cầu Lông Victor VT-0130', 85.00, 75, 3, 8, 'Băng cổ tay hỗ trợ và bảo vệ cổ tay, tăng độ thoải mái khi chơi cầu lông.'),
  ('Tất Cầu Lông Lining ASTC003-2', 55.00, 85, 3, 5, 'Tất cầu lông với chất liệu thoáng khí, giúp chân luôn khô ráo.'),
   -- Phụ Kiện Cầu Lông (tiếp tục)
  ('Khăn Quấn Tay Cầu Lông Apacs AP-TW01', 50.00, 90, 3, 2, 'Khăn quấn tay cầu lông giúp hấp thụ mồ hôi, tăng độ bám tay khi cầm vợt.'),
  ('Khăn Quấn Tay Cầu Lông Kawasaki KG-101', 45.00, 100, 3, 3, 'Khăn quấn tay cầu lông chất lượng, giúp người chơi thoải mái khi thi đấu.'),
  ('Khăn Quấn Tay Cầu Lông Kumpoo KW-002', 55.00, 85, 3, 4, 'Khăn quấn tay cầu lông với độ thấm hút tốt, giúp tăng độ bám tay.'),
  ('Khăn Quấn Tay Cầu Lông Proace TX-2000', 40.00, 95, 3, 7, 'Khăn quấn tay cầu lông chất lượng, tạo cảm giác thoải mái khi chơi.'),
  ('Khăn Quấn Tay Cầu Lông VNB TX-02', 50.00, 90, 3, 9, 'Khăn quấn tay cầu lông với thiết kế tiện dụng, hỗ trợ người chơi tốt.'),
  ('Khăn Quấn Tay Cầu Lông Adidas AD-TW01', 60.00, 80, 3, 1, 'Khăn quấn tay cầu lông cao cấp, giúp tăng độ bám và hấp thụ mồ hôi.'),
  ('Khăn Quấn Tay Cầu Lông Yonex AC137', 55.00, 85, 3, 10, 'Khăn quấn tay cầu lông chất lượng, tạo cảm giác thoải mái khi chơi.'),
  ('Khăn Quấn Tay Cầu Lông Victor VT-0140', 45.00, 90, 3, 8, 'Khăn quấn tay cầu lông với độ thấm hút tốt, giúp người chơi thoải mái.'),
  ('Khăn Quấn Tay Cầu Lông Lining AWTC001-3', 50.00, 87, 3, 5, 'Khăn quấn tay cầu lông chất lượng, tăng độ bám khi cầm vợt.'),
  ('Khăn Quấn Tay Cầu Lông Mizuno 73WR8A0112', 48.00, 92, 3, 6, 'Khăn quấn tay cầu lông với thiết kế tối ưu, giúp hấp thụ mồ hôi.'),

  -- Túi Đựng Vợt Cầu Lông
  ('Túi Đựng Vợt Cầu Lông Yonex BAG2012EX', 650.00, 40, 4, 10, 'Túi đựng vợt chất lượng, có nhiều ngăn tiện dụng, dễ mang theo.'),
  ('Túi Đựng Vợt Cầu Lông Victor BR9208', 580.00, 35, 4, 8, 'Túi đựng vợt với thiết kế nhẹ, có dây đeo vai thoải mái.'),
  ('Túi Đựng Vợt Cầu Lông Lining ABJK002-1', 620.00, 38, 4, 5, 'Túi đựng vợt với nhiều ngăn chứa, bảo vệ vợt an toàn.'),
  ('Túi Đựng Vợt Cầu Lông Mizuno 73TB8A0109', 600.00, 42, 4, 6, 'Túi đựng vợt thiết kế thời trang, gọn nhẹ, dễ mang theo.'),
  ('Túi Đựng Vợt Cầu Lông Apacs AP-TB01', 550.00, 45, 4, 2, 'Túi đựng vợt chất lượng cao, có nhiều ngăn để đựng các phụ kiện.'),
  ('Túi Đựng Vợt Cầu Lông Kawasaki KT-301', 600.00, 37, 4, 3, 'Túi đựng vợt với thiết kế tiện lợi, dễ mang theo khi di chuyển.'),
  ('Túi Đựng Vợt Cầu Lông Kumpoo KBG-100', 630.00, 33, 4, 4, 'Túi đựng vợt với chất liệu bền đẹp, bảo vệ vợt an toàn.'),
  ('Túi Đựng Vợt Cầu Lông Proace TB-2000', 580.00, 39, 4, 7, 'Túi đựng vợt thiết kế sang trọng, có nhiều ngăn chứa tiện dụng.'),
  ('Túi Đựng Vợt Cầu Lông VNB TV-01', 560.00, 43, 4, 9, 'Túi đựng vợt chất lượng cao, kiểu dáng hiện đại, dễ mang theo.'),
  ('Túi Đựng Vợt Cầu Lông Adidas AD-TB01', 650.00, 35, 4, 1, 'Túi đựng vợt với chất liệu cao cấp, bảo vệ vợt tốt, tiện mang theo.');


  -- Tạo dữ liệu mẫu cho bảng PRODUCTS
INSERT INTO PRODUCTS (PRODUCT_NAME, UNIT_PRICE, AMOUNT, TYPE, BRAND_ID, DESCRIPTION)
VALUES
  -- Vợt Cầu Lông
  ('Vợt Cầu Lông Yonex Astrox 100ZZ', 3800.00, 22, 0, 10, 'Vợt cầu lông cao cấp, công nghệ hiện đại, độ bền và hiệu suất tối ưu.'),
  ('Vợt Cầu Lông Victor Jetspeed S 13', 3300.00, 18, 0, 8, 'Vợt cầu lông với thiết kế cân bằng, tăng tốc độ và lực tấn công.'),
  ('Vợt Cầu Lông Lining Windstorm X99', 3200.00, 20, 0, 5, 'Vợt cầu lông với công nghệ hiện đại, tối ưu hóa khả năng phòng ngự và tấn công.'),
  ('Vợt Cầu Lông Mizuno Fortius 850', 2900.00, 24, 0, 6, 'Vợt cầu lông với trọng lượng vừa phải, tạo cảm giác thoải mái khi cầm nắm.'),
  ('Vợt Cầu Lông Apacs Virtuoso 99X', 2400.00, 27, 0, 2, 'Vợt cầu lông với thiết kế hiện đại, tăng cường khả năng tấn công.'),
  ('Vợt Cầu Lông Kawasaki Rexel 7500', 3000.00, 20, 0, 3, 'Vợt cầu lông với công nghệ tiên tiến, độ bền và hiệu suất tốt.'),
  ('Vợt Cầu Lông Kumpoo KR-V15', 3400.00, 16, 0, 4, 'Vợt cầu lông với thiết kế cân bằng, tăng khả năng kiểm soát bóng.'),
  ('Vợt Cầu Lông Proace Power 1099', 2800.00, 22, 0, 7, 'Vợt cầu lông với độ ổn định cao, phù hợp cho cả người chơi trình độ cao.'),
  ('Vợt Cầu Lông VNB Supreme 1500', 3100.00, 18, 0, 9, 'Vợt cầu lông với thiết kế hiện đại, chất lượng tốt và độ bền cao.'),
  ('Vợt Cầu Lông Adidas Adizero 9.0', 3200.00, 21, 0, 1, 'Vợt cầu lông với trọng lượng nhẹ, giúp người chơi di chuyển nhanh nhẹn.'),
  ('Vợt Cầu Lông Victor Jetspeed S 14', 3400.00, 16, 0, 8, 'Vợt cầu lông với công nghệ tiên tiến, tăng tốc độ và lực tấn công.'),
  ('Vợt Cầu Lông Lining Turbo X99', 3100.00, 18, 0, 5, 'Vợt cầu lông với thiết kế cân bằng, mang lại cảm giác tuyệt vời khi chơi.'),
  ('Vợt Cầu Lông Mizuno Fortius 750', 2900.00, 23, 0, 6, 'Vợt cầu lông với chất lượng cao, phù hợp cho các cấp độ chơi.'),
  ('Vợt Cầu Lông Yonex Nanoray 900', 3500.00, 17, 0, 10, 'Vợt cầu lông với công nghệ hiện đại, mang lại hiệu suất tối ưu.'),
  ('Vợt Cầu Lông Victor Thruster K 9500', 3100.00, 20, 0, 8, 'Vợt cầu lông với thiết kế cân bằng, độ chính xác và kiểm soát tốt.'),
  ('Vợt Cầu Lông Lining Windstorm X90X', 3000.00, 19, 0, 5, 'Vợt cầu lông với công nghệ hiện đại, tăng khả năng phòng ngự và tấn công.'),
  ('Vợt Cầu Lông Mizuno Fortius 650', 2800.00, 22, 0, 6, 'Vợt cầu lông với trọng lượng nhẹ, mang lại cảm giác thoải mái khi cầm.'),
  ('Vợt Cầu Lông Apacs Virtuoso 88X', 2500.00, 24, 0, 2, 'Vợt cầu lông với thiết kế hiện đại, độ bền và hiệu suất ổn định.'),
  ('Vợt Cầu Lông Kawasaki Rexel 6500', 2900.00, 18, 0, 3, 'Vợt cầu lông với công nghệ tiên tiến, giúp tối ưu hóa lực tấn công.'),
  ('Vợt Cầu Lông Kumpoo KR-V12X', 3200.00, 16, 0, 4, 'Vợt cầu lông với thiết kế cân bằng, mang lại cảm giác chắc tay.'),

  -- Giày Cầu Lông
  ('Giày Cầu Lông Yonex SHB-65Z3L', 1900.00, 32, 1, 10, 'Giày cầu lông chất lượng cao, êm chân, độ bám tốt, phù hợp cho người chơi cầu lông.'),
  ('Giày Cầu Lông Victor SH-A980', 1700.00, 30, 1, 8, 'Giày cầu lông với thiết kế thoáng khí, hỗ trợ di chuyển linh hoạt.'),
  ('Giày Cầu Lông Lining AYTJ007-4', 1800.00, 34, 1, 5, 'Giày cầu lông với đế cao su chống trượt, tăng độ bám sân.'),
   ('Giày Cầu Lông Apacs Jetspeed X5', 1700.00, 29, 1, 2, 'Giày cầu lông với công nghệ đế êm ái, giúp giảm tải trọng cho bàn chân.'),
  ('Giày Cầu Lông Kawasaki KS-650', 1800.00, 26, 1, 3, 'Giày cầu lông với thiết kế thoáng khí, tăng độ bám và ổn định khi di chuyển.'),
  ('Giày Cầu Lông Kumpoo KS-850', 1850.00, 23, 1, 4, 'Giày cầu lông với công nghệ tối ưu, mang lại sự thoải mái khi chơi.'),
  ('Giày Cầu Lông Proace Ace 2000', 1750.00, 27, 1, 7, 'Giày cầu lông với độ ổn định và bám sân cao, phù hợp cho mọi hoạt động.'),
  ('Giày Cầu Lông VNB Champion 700', 1600.00, 31, 1, 9, 'Giày cầu lông với thiết kế thoáng khí, tạo cảm giác thoải mái khi di chuyển.'),
  ('Giày Cầu Lông Adidas Barricade 2024', 1900.00, 22, 1, 1, 'Giày cầu lông với công nghệ hiện đại, giúp người chơi di chuyển nhanh nhẹn.'),
  ('Giày Cầu Lông Victor SH-P9300', 1800.00, 24, 1, 8, 'Giày cầu lông với chất lượng vượt trội, độ bền cao và thoải mái khi sử dụng.'),
  ('Giày Cầu Lông Lining AYTJ007-6', 1650.00, 28, 1, 5, 'Giày cầu lông với đệm cao cấp, giúp giảm tải trọng cho bàn chân.'),
  ('Giày Cầu Lông Mizuno Wave Stealth VI', 2050.00, 20, 1, 6, 'Giày cầu lông với thiết kế hiện đại, mang lại sự ổn định và thoải mái khi chơi.'),
  ('Giày Cầu Lông Apacs Jetspeed X6', 1750.00, 25, 1, 2, 'Giày cầu lông với công nghệ đế chống trượt, tăng độ bám sân.'),
  ('Giày Cầu Lông Yonex SHB-65Z3N', 1900.00, 21, 1, 10, 'Giày cầu lông chất lượng cao, phù hợp cho các cấp độ chơi.'),
  ('Giày Cầu Lông Victor SH-A990', 1750.00, 23, 1, 8, 'Giày cầu lông với thiết kế tối ưu, giúp người chơi di chuyển linh hoạt.'),
  ('Giày Cầu Lông Lining AYTJ007-8', 1700.00, 26, 1, 5, 'Giày cầu lông với công nghệ đế chống trơn trượt, tăng độ bám sân.'),
  ('Giày Cầu Lông Mizuno Wave Stealth VII', 2100.00, 19, 1, 6, 'Giày cầu lông với thiết kế hiện đại, mang lại cảm giác thoải mái khi chơi.'),
  ('Giày Cầu Lông Apacs Jetspeed X7', 1800.00, 22, 1, 2, 'Giày cầu lông với công nghệ đệm cao cấp, giúp giảm tải trọng cho bàn chân.'),
  ('Giày Cầu Lông Yonex SHB-35Z3P', 1950.00, 20, 1, 10, 'Giày cầu lông với thiết kế hiện đại, thoáng khí và có độ bám tốt.'),
  ('Giày Cầu Lông Victor SH-A9610', 1700.00, 24, 1, 8, 'Giày cầu lông với thiết kế thoáng khí, êm ái và bền bỉ.'),
  ('Giày Cầu Lông Lining AYTJ0071', 1750.00, 27, 1, 5, 'Giày cầu lông với công nghệ đế chống trượt, tăng độ bám sân.'),
  ('Giày Cầu Lông Mizuno Wave Stea1th VI', 2000.00, 22, 1, 6, 'Giày cầu lông với thiết kế nhẹ và linh hoạt, mang lại cảm giác thoải mái.'),
  ('Giày Cầu Lông Apacs Jetspeed X1', 1700.00, 25, 1, 2, 'Giày cầu lông với công nghệ đệm cao cấp, hỗ trợ di chuyển tối ưu.'),
   -- Quần Áo Cầu Lông (tiếp tục)
  ('Bộ Quần Áo Cầu Lông Adidas A200', 640.00, 32, 2, 1, 'Bộ quần áo cầu lông với công nghệ hiện đại, tăng hiệu suất vận động.'),
  ('Áo Cầu Lông Yonex 10385EX', 580.00, 34, 2, 10, 'Áo cầu lông với chất liệu thoáng khí, co giãn tốt, mang lại cảm giác thoải mái.'),
  ('Quần Cầu Lông Victor R-12000', 500.00, 38, 2, 8, 'Quần cầu lông với thiết kế linh hoạt, giúp người chơi di chuyển dễ dàng.'),
  ('Áo Quần Cầu Lông Lining AAYM015-6', 660.00, 36, 2, 5, 'Bộ quần áo chơi cầu lông chất lượng cao, thoáng mát và co giãn tốt.'),
  ('Áo Cầu Lông Mizuno 73CL8A0116', 620.00, 29, 2, 6, 'Áo cầu lông với thiết kế tối ưu, giúp người chơi luôn cảm thấy thoải mái.'),
  ('Quần Cầu Lông Apacs AP-304', 540.00, 40, 2, 2, 'Quần cầu lông với chất liệu co giãn, phù hợp cho mọi hoạt động.'),
  ('Áo Cầu Lông Kawasaki KS-5400', 580.00, 32, 2, 3, 'Áo cầu lông với chất liệu thoáng khí, tạo cảm giác thoải mái khi chơi.'),
  ('Quần Cầu Lông Kumpoo KP-7300', 550.00, 36, 2, 4, 'Quần cầu lông với thiết kế linh hoạt, hỗ trợ di chuyển tốt.'),
  ('Áo Quần Cầu Lông Proace S-3000', 630.00, 27, 2, 7, 'Bộ quần áo cầu lông chất lượng cao, phù hợp cho cả tập luyện và thi đấu.'),
  ('Áo Cầu Lông VNB Ace 600', 560.00, 33, 2, 9, 'Áo cầu lông với thiết kế hiện đại, chất liệu thoáng mát.'),
  ('Bộ Quần Áo Cầu Lông Adidas A300', 660.00, 31, 2, 1, 'Bộ quần áo cầu lông với công nghệ hiện đại, tăng hiệu suất vận động.'),
  ('Áo Cầu Lông Yonex 10387EZ', 590.00, 35, 2, 10, 'Áo cầu lông với chất liệu thoáng khí, co giãn tốt, mang lại cảm giác thoải mái.'),
  ('Quần Cầu Lông Victor R-12100', 520.00, 37, 2, 8, 'Quần cầu lông với thiết kế linh hoạt, giúp người chơi di chuyển dễ dàng.'),
  ('Áo Quần Cầu Lông Lining AAYM015-8', 670.00, 34, 2, 5, 'Bộ quần áo chơi cầu lông chất lượng cao, thoáng mát và co giãn tốt.'),
  ('Áo Cầu Lông Mizuno 73CL8A0118', 630.00, 28, 2, 6, 'Áo cầu lông với thiết kế tối ưu, giúp người chơi luôn cảm thấy thoải mái.'),

  -- Phụ Kiện Cầu Lông
  ('Bao Tay Cầu Lông Yonex AC134', 160.00, 58, 3, 10, 'Bao tay cầu lông chất lượng, giúp tăng độ ma sát khi cầm vợt.'),
  ('Băng Cổ Tay Cầu Lông Victor VT-0121', 85.00, 75, 3, 8, 'Băng cổ tay hỗ trợ và bảo vệ cổ tay khi chơi cầu lông.'),
  ('Tất Cầu Lông Lining ASTC002-2', 55.00, 85, 3, 5, 'Tất cầu lông có độ thấm hút tốt, giúp chân thoải mái khi chơi.'),
  ('Khăn Quấn Tay Cầu Lông Mizuno 73WR8A0110', 42.00, 95, 3, 6, 'Khăn quấn tay giúp hấp thụ mồ hôi, tăng độ bám tay khi cầm vợt.'),
  ('Dây Cầu Lông Apacs AP-DY02', 130.00, 65, 3, 2, 'Dây cầu lông chất lượng, độ bền cao, dễ dàng thay thế.'),
  ('Bao Tay Cầu Lông Kawasaki KG-202', 170.00, 52, 3, 3, 'Bao tay cầu lông với chất liệu cao cấp, tăng độ ma sát khi cầm vợt.'),
  ('Băng Cổ Tay Cầu Lông Kumpoo KW-002', 95.00, 70, 3, 4, 'Băng cổ tay hỗ trợ và bảo vệ cổ tay, giúp người chơi thoải mái.'),
  ('Tất Cầu Lông Proace ST-101', 65.00, 80, 3, 7, 'Tất cầu lông thoáng khí, hút ẩm tốt, mang lại cảm giác thoải mái.');

--vouchers
INSERT INTO VOUCHERS (NAME, DAY_START, DAY_OFF, PERCENT_OFF, AMOUNT, PRODUCT_ID) VALUES
('Voucher A', '2024-01-01', '2024-01-31', 20, 100, 2),
('Voucher B', '2024-02-01', '2024-02-28', 15, 200, 5),
('Voucher C', '2024-03-01', '2024-03-31', 25, 150, 10),
('Voucher D', '2024-04-01', '2024-04-30', 30, 300, 12),
('Voucher E', '2024-05-01', '2024-05-31', 35, 250, 20),
('Voucher F', '2024-06-01', '2024-06-30', 40, 400, 22),
('Voucher G', '2024-07-01', '2024-07-31', 45, 350, 30),
('Voucher H', '2024-08-01', '2024-08-31', 50, 500, 35),
('Voucher I', '2024-09-01', '2024-09-30', 55, 450, 40),
('Voucher J', '2024-10-01', '2024-10-31', 60, 600, 50),
('Voucher K', '2024-11-01', '2024-11-30', 20, 100, 60),
('Voucher L', '2024-12-01', '2024-12-31', 25, 200, 70),
('Voucher M', '2024-01-01', '2024-01-31', 30, 150, 80),
('Voucher N', '2024-02-01', '2024-02-28', 35, 250, 90),
('Voucher O', '2024-03-01', '2024-03-31', 40, 300, 100),
('Voucher P', '2024-04-01', '2024-04-30', 45, 350, 110),
('Voucher Q', '2024-05-01', '2024-05-31', 50, 400, 120),
('Voucher R', '2024-06-01', '2024-06-30', 55, 450, 130),
('Voucher S', '2024-07-01', '2024-07-31', 60, 500, 140),
('Voucher T', '2024-08-01', '2024-08-31', 65, 550, 150),
('Voucher U', '2024-09-01', '2024-09-30', 20, 100, 160),
('Voucher V', '2024-10-01', '2024-10-31', 25, 200, 170),
('Voucher W', '2024-11-01', '2024-11-30', 30, 150, 180),
('Voucher X', '2024-12-01', '2024-12-31', 35, 250, 190),
('Voucher Y', '2024-01-01', '2024-01-31', 40, 300, 200),
('Voucher Z', '2024-02-01', '2024-02-28', 45, 350, 2),
('Voucher AA', '2024-03-01', '2024-03-31', 50, 400, 5),
('Voucher BB', '2024-04-01', '2024-04-30', 55, 450, 10),
('Voucher CC', '2024-05-01', '2024-05-31', 60, 500, 12),
('Voucher DD', '2024-06-01', '2024-06-30', 20, 100, 20),
('Voucher EE', '2024-07-01', '2024-07-31', 25, 200, 22),
('Voucher FF', '2024-08-01', '2024-08-31', 30, 150, 30),
('Voucher GG', '2024-09-01', '2024-09-30', 35, 250, 35),
('Voucher HH', '2024-10-01', '2024-10-31', 40, 300, 40),
('Voucher II', '2024-11-01', '2024-11-30', 45, 350, 50),
('Voucher JJ', '2024-12-01', '2024-12-31', 50, 400, 60),
('Voucher KK', '2024-01-01', '2024-01-31', 55, 450, 70),
('Voucher LL', '2024-02-01', '2024-02-28', 60, 500, 80),
('Voucher MM', '2024-03-01', '2024-03-31', 20, 100, 90),
('Voucher NN', '2024-04-01', '2024-04-30', 25, 200, 100),
('Voucher OO', '2024-05-01', '2024-05-31', 30, 150, 110),
('Voucher PP', '2024-06-01', '2024-06-30', 35, 250, 120),
('Voucher QQ', '2024-07-01', '2024-07-31', 40, 300, 130),
('Voucher RR', '2024-08-01', '2024-08-31', 45, 350, 140),
('Voucher SS', '2024-09-01', '2024-09-30', 50, 400, 150),
('Voucher TT', '2024-10-01', '2024-10-31', 55, 450, 160),
('Voucher UU', '2024-11-01', '2024-11-30', 60, 500, 170),
('Voucher VV', '2024-12-01', '2024-12-31', 20, 100, 180),
('Voucher WW', '2024-01-01', '2024-01-31', 25, 200, 190),
('Voucher XX', '2024-02-01', '2024-02-28', 30, 150, 200),
('Voucher YY', '2024-03-01', '2024-03-31', 35, 250, 2),
('Voucher ZZ', '2024-04-01', '2024-04-30', 40, 300, 5),
('Voucher AAA', '2024-05-01', '2024-05-31', 45, 350, 10),
('Voucher BBB', '2024-06-01', '2024-06-30', 50, 400, 12),
('Voucher CCC', '2024-07-01', '2024-07-31', 55, 450, 20),
('Voucher DDD', '2024-08-01', '2024-08-31', 60, 500, 22),
('Voucher EEE', '2024-09-01', '2024-09-30', 20, 100, 30),
('Voucher FFF', '2024-10-01', '2024-10-31', 25, 200, 35),
('Voucher GGG', '2024-11-01', '2024-11-30', 30, 150, 40),
('Voucher HHH', '2024-12-01', '2024-12-31', 35, 250, 50);


-- Inserting  data into the CITIES table
INSERT INTO CITIES (CITY_ID, CITY_NAME) VALUES
(1, 'Hồ Chí Minh'),
(2, 'Đà Nẵng'),
(3, 'Hải Phòng'),
(4, 'Cần Thơ'),
(5, 'Hải Dương'),
(6, 'Hà Nội'),
(7, 'Nha Trang'),
(8, 'Vũng Tàu'),
(9, 'Huế'),
(10, 'Hà Giang'),
(11, 'Bắc Ninh'),
(12, 'Đà Lạt'),
(13, 'Quy Nhơn'),
(14, 'Buôn Ma Thuột'),
(15, 'Thái Nguyên'),
(16, 'Vinh'),
(17, 'Tam Kỳ'),
(18, 'Pleiku'),
(19, 'Bạc Liêu'),
(20, 'Vĩnh Yên'),
(21, 'Cà Mau'),
(22, 'Lào Cai'),
(23, 'Thanh Hóa'),
(24, 'Quảng Ngãi'),
(25, 'Ninh Bình'),
(26, 'Vĩnh Long'),
(27, 'Đồng Hới'),
(28, 'Bắc Giang'),
(29, 'Hạ Long'),
(30, 'Tây Ninh'),
(31, 'Bến Tre'),
(32, 'Biên Hòa'),
(33, 'Cao Lãnh'),
(34, 'Điện Biên Phủ'),
(35, 'Hòa Bình'),
(36, 'Hưng Yên'),
(37, 'Kon Tum'),
(38, 'Lạng Sơn'),
(39, 'Lào Cai'),
(40, 'Long Xuyên'),
(41, 'Móng Cái'),
(42, 'Nam Định'),
(43, 'Phan Rang - Tháp Chàm'),
(44, 'Phan Thiết'),
(45, 'Rạch Giá'),
(46, 'Sơn La'),
(47, 'Tân An'),
(48, 'Thái Bình'),
(49, 'Tuyên Quang'),
(50, 'Tuy Hòa'),
(51, 'Uông Bí'),
(52, 'Việt Trì'),
(53, 'Vĩnh Long'),
(54, 'Yên Bái'),
(55, 'Thủ Dầu Một'),
(56, 'Sa Đéc'),
(57, 'Bắc Kạn'),
(58, 'Thái Nguyên'),
(59, 'Hưng Yên'),
(60, 'Phủ Lý'),
(61, 'Bình Định'),
(62, 'Phú Quốc'),
(63, 'Hội An');


-- Inserting more data into the ADDRESSES table
INSERT INTO ADDRESSES (ADDRESS, DISTRICT, CITY_ID, POSTAL_CODE) VALUES
('Số 10, Đường Trần Hưng Đạo', 'Quận 1', 1, '700000'),
('25 Lê Duẩn', 'Quận Hải Châu', 2, '550000'),
('123 Lê Lợi', 'Quận Ngô Quyền', 3, '410000'),
('456 Cách Mạng Tháng 8', 'Quận Ninh Kiều', 4, '900000'),
('789 Lê Thánh Tôn', 'Quận Ngô Quyền', 3, '420000'),
('Số 20, Đường Lê Lai', 'Quận 2', 6, '800000'),
('54 Lê Lợi', 'Quận Thanh Khê', 7, '450000'),
('321 Lê Hồng Phong', 'Quận Lê Chân', 8, '350000'),
('789 Lê Lai', 'Quận Ninh Kiều', 9, '950000'),
('456 Lê Hồng Phong', 'Quận Hồng Bàng', 10, '460000'),
('Số 20, Đường Lê Lai', 'Quận 2', 6, '800000'),
('54 Lê Lợi', 'Quận Thanh Khê', 7, '450000'),
('321 Lê Hồng Phong', 'Quận Lê Chân', 8, '350000'),
('789 Lê Lai', 'Quận Ninh Kiều', 9, '950000'),
('456 Lê Hồng Phong', 'Quận Hồng Bàng', 10, '460000'),
('12 Lê Văn Sỹ', 'Quận Phú Nhuận', 11, '210000'),
('34 Nguyễn Văn Đậu', 'Quận Bình Thạnh', 12, '220000'), 
('67 Lê Quang Đạo', 'Quận 1', 13, '230000'),
('89 Nguyễn Đình Chiểu', 'Quận 3', 14, '240000'),
('54 Lê Thị Riêng', 'Quận 5', 15, '250000'),
('76 Tôn Đức Thắng', 'Quận 10', 16, '260000'),
('98 Trường Chinh', 'Quận Gò Vấp', 17, '270000'),
('32 Nguyễn Ái Quốc', 'Quận Thủ Đức', 18, '280000'),
('14 Nguyễn Văn Linh', 'Quận 7', 19, '290000'),
('56 Lê Văn Việt', 'Quận 9', 20, '300000'),
('78 Hoàng Diệu', 'Quận 2', 21, '310000'),
('90 Nguyễn Hữu Cảnh', 'Quận Bình Thạnh', 22, '320000'),
('22 Lê Duẩn', 'Quận 1', 23, '330000'),
('44 Phan Đình Phùng', 'Quận Phú Nhuận', 24, '340000'),
('66 Trần Quang Khải', 'Quận 1', 25, '350000'),
('88 Nguyễn Thị Minh Khai', 'Quận 3', 26, '360000'),
('11 Đinh Tiên Hoàng', 'Quận 1', 27, '370000'),
('33 Nguyễn Huệ', 'Quận 1', 28, '380000'),
('55 Pasteur', 'Quận 3', 29, '390000'),
('77 Hai Bà Trưng', 'Quận 1', 30, '400000'),
('99 Lê Lợi', 'Quận 1', 31, '410000'),
('13 Nguyễn Du', 'Quận 1', 32, '420000'),
('35 Võ Văn Tần', 'Quận 3', 33, '430000'),
('57 Nguyễn Thái Bình', 'Quận 1', 34, '440000'),
('79 Trần Hưng Đạo', 'Quận 5', 35, '450000'),
('91 Nguyễn Văn Trỗi', 'Quận Phú Nhuận', 36, '460000'),
('23 Điện Biên Phủ', 'Quận Bình Thạnh', 37, '470000'),
('45 Nguyễn Văn Cừ', 'Quận 1', 38, '480000'),
('67 Nguyễn Thị Minh Khai', 'Quận 3', 39, '490000'),
('89 Lê Lợi', 'Quận 1', 40, '500000'),
('12 Hoàng Diệu', 'Quận 4', 41, '510000'),
('34 Võ Thị Sáu', 'Quận 3', 42, '520000'),
('67 Nguyễn Chí Thanh', 'Quận 5', 43, '530000'),
('89 Lê Văn Sỹ', 'Quận Phú Nhuận', 44, '540000'),
('54 Cộng Hòa', 'Quận Tân Bình', 45, '550000'),
('76 Trường Chinh', 'Quận Gò Vấp', 46, '560000'),
('98 Lê Văn Việt', 'Quận 9', 47, '570000'),
('32 Hoàng Văn Thụ', 'Quận Tân Bình', 48, '580000'),
('14 Nguyễn Văn Cừ', 'Quận 5', 49, '590000'),
('56 Lê Duẩn', 'Quận 1', 50, '600000'),
('78 Điện Biên Phủ', 'Quận Bình Thạnh', 51, '610000'),
('90 Phan Đình Phùng', 'Quận Phú Nhuận', 52, '620000'),
('22 Nguyễn Thị Minh Khai', 'Quận 3', 53, '630000'),
('44 Lê Lợi', 'Quận 1', 54, '640000'),
('66 Nguyễn Huệ', 'Quận 1', 55, '650000'),
('88 Pasteur', 'Quận 3', 56, '660000'),
('11 Hai Bà Trưng', 'Quận 1', 57, '670000'),
('33 Nguyễn Du', 'Quận 1', 58, '680000'),
('55 Võ Văn Tần', 'Quận 3', 59, '690000'),
('77 Nguyễn Thái Bình', 'Quận 1', 60, '700000'),
('99 Trần Hưng Đạo', 'Quận 5', 61, '710000'),
('13 Nguyễn Văn Trỗi', 'Quận Phú Nhuận', 62, '720000'),
('35 Điện Biên Phủ', 'Quận Bình Thạnh', 63, '730000'),
('57 Hoàng Diệu', 'Quận 4', 1, '740000'),
('79 Võ Thị Sáu', 'Quận 3', 2, '750000'),
('91 Nguyễn Chí Thanh', 'Quận 5', 3, '760000'),
('23 Lê Văn Sỹ', 'Quận Phú Nhuận', 4, '770000'),
('45 Cộng Hòa', 'Quận Tân Bình', 5, '780000'),
('67 Trường Chinh', 'Quận Gò Vấp', 6, '790000'),
('89 Lê Văn Việt', 'Quận 9', 7, '800000'),
('54 Hoàng Văn Thụ', 'Quận Tân Bình', 8, '810000'),
('76 Nguyễn Văn Cừ', 'Quận 5', 9, '820000'),
('98 Lê Duẩn', 'Quận 1', 10, '830000'),
('32 Điện Biên Phủ', 'Quận Bình Thạnh', 11, '840000'),
('14 Phan Đình Phùng', 'Quận Phú Nhuận', 12, '850000'),
('56 Nguyễn Thị Minh Khai', 'Quận 3', 13, '860000'),
('78 Lê Lợi', 'Quận 1', 14, '870000'),
('90 Nguyễn Huệ', 'Quận 1', 15, '880000'),
('22 Pasteur', 'Quận 3', 16, '890000'),
('44 Hai Bà Trưng', 'Quận 1', 17, '900000'),
('66 Nguyễn Du', 'Quận 1', 18, '910000'),
('88 Võ Văn Tần', 'Quận 3', 19, '920000'),
('11 Nguyễn Thái Bình', 'Quận 1', 20, '930000'),
('33 Trần Hưng Đạo', 'Quận 5', 21, '940000'),
('55 Nguyễn Văn Trỗi', 'Quận Phú Nhuận', 22, '950000'),
('77 Điện Biên Phủ', 'Quận Bình Thạnh', 23, '960000'),
('99 Hoàng Diệu', 'Quận 4', 24, '970000'),
('13 Võ Thị Sáu', 'Quận 3', 25, '980000'),
('35 Nguyễn Chí Thanh', 'Quận 5', 26, '990000'),
('57 Lê Văn Sỹ', 'Quận Phú Nhuận', 27, '1000000'),
('79 Cộng Hòa', 'Quận Tân Bình', 28, '1010000'),
('91 Trường Chinh', 'Quận Gò Vấp', 29, '1020000'),
('23 Lê Văn Việt', 'Quận 9', 30, '1030000'),
('45 Hoàng Văn Thụ', 'Quận Tân Bình', 31, '1040000'),
('67 Nguyễn Văn Cừ', 'Quận 5', 32, '1050000'),
('89 Lê Duẩn', 'Quận 1', 33, '1060000'),
('54 Điện Biên Phủ', 'Quận Bình Thạnh', 34, '1070000'),
('76 Phan Đình Phùng', 'Quận Phú Nhuận', 35, '1080000'),
('98 Nguyễn Thị Minh Khai', 'Quận 3', 36, '1090000'),
('12 Nguyễn Văn Linh', 'Quận 7', 37, '1100000'),
('34 Lê Văn Việt', 'Quận 9', 38, '1110000'),
('67 Hoàng Diệu', 'Quận 4', 39, '1120000'),
('89 Võ Thị Sáu', 'Quận 3', 40, '1130000'),
('54 Nguyễn Chí Thanh', 'Quận 5', 41, '1140000'),
('76 Lê Văn Sỹ', 'Quận Phú Nhuận', 42, '1150000'),
('98 Cộng Hòa', 'Quận Tân Bình', 43, '1160000'),
('32 Trường Chinh', 'Quận Gò Vấp', 44, '1170000'),
('14 Lê Văn Việt', 'Quận 9', 45, '1180000'),
('56 Hoàng Văn Thụ', 'Quận Tân Bình', 46, '1190000'),
('78 Nguyễn Văn Cừ', 'Quận 5', 47, '1200000'),
('90 Lê Duẩn', 'Quận 1', 48, '1210000'),
('22 Điện Biên Phủ', 'Quận Bình Thạnh', 49, '1220000'),
('44 Phan Đình Phùng', 'Quận Phú Nhuận', 50, '1230000'),
('66 Nguyễn Thị Minh Khai', 'Quận 3', 51, '1240000'),
('88 Lê Lợi', 'Quận 1', 52, '1250000'),
('11 Nguyễn Huệ', 'Quận 1', 53, '1260000'),
('33 Pasteur', 'Quận 3', 54, '1270000'),
('55 Hai Bà Trưng', 'Quận 1', 55, '1280000'),
('77 Nguyễn Du', 'Quận 1', 56, '1290000'),
('99 Võ Văn Tần', 'Quận 3', 57, '1300000'),
('13 Nguyễn Thái Bình', 'Quận 1', 58, '1310000'),
('35 Trần Hưng Đạo', 'Quận 5', 59, '1320000'),
('57 Nguyễn Văn Trỗi', 'Quận Phú Nhuận', 60, '1330000'),
('79 Điện Biên Phủ', 'Quận Bình Thạnh', 61, '1340000'),
('91 Hoàng Diệu', 'Quận 4', 62, '1350000'),
('23 Võ Thị Sáu', 'Quận 3', 63, '1360000'),
('45 Nguyễn Chí Thanh', 'Quận 5', 1, '1370000'),
('67 Lê Văn Sỹ', 'Quận Phú Nhuận', 2, '1380000'),
('89 Cộng Hòa', 'Quận Tân Bình', 3, '1390000'),
('67 Lê Văn Sỹ', 'Quận Phú Nhuận', 42, '1370000'),
('89 Cộng Hòa', 'Quận Tân Bình', 43, '1380000'),
('54 Trường Chinh', 'Quận Gò Vấp', 44, '1390000'),
('76 Lê Văn Việt', 'Quận 9', 45, '1400000'),
('98 Hoàng Văn Thụ', 'Quận Tân Bình', 46, '1410000'),
('32 Nguyễn Văn Cừ', 'Quận 5', 47, '1420000'),
('14 Lê Duẩn', 'Quận 1', 48, '1430000'),
('56 Điện Biên Phủ', 'Quận Bình Thạnh', 49, '1440000'),
('78 Phan Đình Phùng', 'Quận Phú Nhuận', 50, '1450000'),
('90 Nguyễn Thị Minh Khai', 'Quận 3', 51, '1460000'),
('22 Lê Lợi', 'Quận 1', 52, '1470000'),
('44 Nguyễn Huệ', 'Quận 1', 53, '1480000'),
('66 Pasteur', 'Quận 3', 54, '1490000'),
('88 Hai Bà Trưng', 'Quận 1', 55, '1500000'),
('11 Nguyễn Du', 'Quận 1', 56, '1510000'),
('33 Võ Văn Tần', 'Quận 3', 57, '1520000'),
('55 Nguyễn Thái Bình', 'Quận 1', 58, '1530000'),
('77 Trần Hưng Đạo', 'Quận 5', 59, '1540000'),
('99 Nguyễn Văn Trỗi', 'Quận Phú Nhuận', 60, '1550000'),
('13 Điện Biên Phủ', 'Quận Bình Thạnh', 61, '1560000'),
('35 Hoàng Diệu', 'Quận 4', 62, '1570000'),
('57 Võ Thị Sáu', 'Quận 3', 63, '1580000'),
('79 Nguyễn Chí Thanh', 'Quận 5', 1, '1590000'),
('91 Lê Văn Sỹ', 'Quận Phú Nhuận', 2, '1600000'),
('23 Cộng Hòa', 'Quận Tân Bình', 3, '1610000'),
('45 Trường Chinh', 'Quận Gò Vấp', 4, '1620000'),
('67 Lê Văn Việt', 'Quận 9', 5, '1630000'),
('89 Hoàng Văn Thụ', 'Quận Tân Bình', 6, '1640000'),
('54 Nguyễn Văn Cừ', 'Quận 5', 7, '1650000'),
('76 Lê Duẩn', 'Quận 1', 8, '1660000'),
('98 Điện Biên Phủ', 'Quận Bình Thạnh', 9, '1670000'),
('32 Phan Đình Phùng', 'Quận Phú Nhuận', 10, '1680000'),
('14 Nguyễn Thị Minh Khai', 'Quận 3', 11, '1690000'),
('56 Lê Lợi', 'Quận 1', 12, '1700000'),
('78 Nguyễn Huệ', 'Quận 1', 13, '1710000'),
('90 Pasteur', 'Quận 3', 14, '1720000'),
('22 Hai Bà Trưng', 'Quận 1', 15, '1730000'),
('44 Nguyễn Du', 'Quận 1', 16, '1740000'),
('66 Võ Văn Tần', 'Quận 3', 17, '1750000'),
('88 Nguyễn Thái Bình', 'Quận 1', 18, '1760000'),
('11 Trần Hưng Đạo', 'Quận 5', 19, '1770000'),
('33 Nguyễn Văn Trỗi', 'Quận Phú Nhuận', 20, '1780000'),
('55 Điện Biên Phủ', 'Quận Bình Thạnh', 21, '1790000'),
('77 Hoàng Diệu', 'Quận 4', 22, '1800000'), 
('99 Võ Thị Sáu', 'Quận 3', 23, '1810000'),
('13 Nguyễn Chí Thanh', 'Quận 5', 24, '1820000'),
('35 Lê Văn Sỹ', 'Quận Phú Nhuận', 25, '1830000'),
('57 Cộng Hòa', 'Quận Tân Bình', 26, '1840000'),
('79 Trường Chinh', 'Quận Gò Vấp', 27, '1850000'),
('91 Lê Văn Việt', 'Quận 9', 28, '1860000'),
('23 Hoàng Văn Thụ', 'Quận Tân Bình', 29, '1870000'),
('45 Nguyễn Văn Cừ', 'Quận 5', 30, '1880000'),
('67 Lê Duẩn', 'Quận 1', 31, '1890000'),
('89 Điện Biên Phủ', 'Quận Bình Thạnh', 32, '1900000'),
('54 Phan Đình Phùng', 'Quận Phú Nhuận', 33, '1910000'),
('76 Nguyễn Thị Minh Khai', 'Quận 3', 34, '1920000'),
('98 Lê Lợi', 'Quận 1', 35, '1930000'),
('32 Nguyễn Huệ', 'Quận 1', 36, '1940000'),
('14 Pasteur', 'Quận 3', 37, '1950000'),
('56 Hai Bà Trưng', 'Quận 1', 38, '1960000'),
('78 Nguyễn Du', 'Quận 1', 39, '1970000'),
('90 Võ Văn Tần', 'Quận 3', 40, '1980000'),
('22 Nguyễn Thái Bình', 'Quận 1', 41, '1990000'),
('44 Trần Hưng Đạo', 'Quận 5', 42, '2000000'),
('66 Nguyễn Văn Trỗi', 'Quận Phú Nhuận', 43, '2010000'),
('88 Điện Biên Phủ', 'Quận Bình Thạnh', 44, '2020000'),
('11 Hoàng Diệu', 'Quận 4', 45, '2030000'),
('33 Võ Thị Sáu', 'Quận 3', 46, '2040000'),
('55 Nguyễn Chí Thanh', 'Quận 5', 47, '2050000'),
('77 Lê Văn Sỹ', 'Quận Phú Nhuận', 48, '2060000'),
('99 Cộng Hòa', 'Quận Tân Bình', 49, '2070000'),
('13 Trường Chinh', 'Quận Gò Vấp', 50, '2080000'),
('35 Lê Văn Việt', 'Quận 9', 51, '2090000'),
('57 Hoàng Văn Thụ', 'Quận Tân Bình', 52, '2100000'),
('79 Nguyễn Văn Cừ', 'Quận 5', 53, '2110000'),
('91 Lê Duẩn', 'Quận 1', 54, '2120000');

INSERT INTO ADDRESSES (ADDRESS, DISTRICT, CITY_ID, POSTAL_CODE, ADDRESS_ID) VALUES
('Số 10, Đường Trần Hưng Đạo', 'Quận 1', 1, '700000', 130),
('25 Lê Duẩn', 'Quận Hải Châu', 2, '550000', 131),
('123 Lê Lợi', 'Quận Ngô Quyền', 3, '410000', 132),
('456 Cách Mạng Tháng 8', 'Quận Ninh Kiều', 4, '900000', 133),
('789 Lê Thánh Tôn', 'Quận Ngô Quyền', 3, '420000', 134),
('Số 20, Đường Lê Lai', 'Quận 2', 6, '800000', 135),
('54 Lê Lợi', 'Quận Thanh Khê', 7, '450000', 136),
('321 Lê Hồng Phong', 'Quận Lê Chân', 8, '350000', 137),
('789 Lê Lai', 'Quận Ninh Kiều', 9, '950000', 138),
('456 Lê Hồng Phong', 'Quận Hồng Bàng', 10, '460000', 139),
('Số 20, Đường Lê Lai', 'Quận 2', 6, '800000', 140),
('54 Lê Lợi', 'Quận Thanh Khê', 7, '450000', 141),
('321 Lê Hồng Phong', 'Quận Lê Chân', 8, '350000', 142),
('789 Lê Lai', 'Quận Ninh Kiều', 9, '950000', 143),
('Số 10, Đường Trần Hưng Đạo', 'Quận 1', 1, '700000', 144),
('25 Lê Duẩn', 'Quận Hải Châu', 2, '550000', 145),
('123 Lê Lợi', 'Quận Ngô Quyền', 3, '410000', 146),
('456 Cách Mạng Tháng 8', 'Quận Ninh Kiều', 4, '900000', 147),
('789 Lê Thánh Tôn', 'Quận Ngô Quyền', 3, '420000', 148),
('Số 20, Đường Lê Lai', 'Quận 2', 6, '800000', 149),
('54 Lê Lợi', 'Quận Thanh Khê', 7, '450000', 150),
('321 Lê Hồng Phong', 'Quận Lê Chân', 8, '350000', 151),
('789 Lê Lai', 'Quận Ninh Kiều', 9, '950000', 152),
('456 Lê Hồng Phong', 'Quận Hồng Bàng', 10, '460000', 153),
('Số 20, Đường Lê Lai', 'Quận 2', 6, '800000', 154),
('54 Lê Lợi', 'Quận Thanh Khê', 7, '450000', 155),
('321 Lê Hồng Phong', 'Quận Lê Chân', 8, '350000', 156),
('789 Lê Lai', 'Quận Ninh Kiều', 9, '950000', 157),
('Số 10, Đường Trần Hưng Đạo', 'Quận 1', 1, '700000', 158),
('25 Lê Duẩn', 'Quận Hải Châu', 2, '550000', 159),
('123 Lê Lợi', 'Quận Ngô Quyền', 3, '410000', 160),
('456 Cách Mạng Tháng 8', 'Quận Ninh Kiều', 4, '900000', 161),
('789 Lê Thánh Tôn', 'Quận Ngô Quyền', 3, '420000', 162),
('Số 20, Đường Lê Lai', 'Quận 2', 6, '800000', 163),
('54 Lê Lợi', 'Quận Thanh Khê', 7, '450000', 164),
('321 Lê Hồng Phong', 'Quận Lê Chân', 8, '350000', 165),
('789 Lê Lai', 'Quận Ninh Kiều', 9, '950000', 166);


-- Inserting data into the CUSTOMERS table
INSERT INTO CUSTOMERS (FULL_NAME, PHONE, PASS_WORD, EMAIL, ADDRESS_ID) VALUES
('Trần Thị Mai', '0901234567', 'password1', 'tranmai@example.com', 1),
('Lê Văn Nam', '0912345678', 'password2', 'lennam@example.com', 2),
('Nguyễn Thị Hương', '0923456789', 'password3', 'huongnguyen@example.com', 3),
('Phạm Văn Đức', '0934567890', 'password4', 'phamduc@example.com', 4),
('Hoàng Văn Tuấn', '0945678901', 'password5', 'tuantuan@example.com', 5),
('Trần Văn Bình', '0987654321', 'password6', 'binhtran@example.com', 6),
('Nguyễn Thị Lan', '0976543210', 'password7', 'lannguyen@example.com', 7),
('Lê Văn Hòa', '0965432109', 'password8', 'hoale@example.com', 8),
('Phạm Thị Hà', '0954321098', 'password9', 'hapham@example.com', 9),
('Hoàng Minh Tuấn', '0943210987', 'password10', 'tuantu@example.com', 10),
('Nguyễn Văn A', '0911111111', 'password11', 'nguyenvana@example.com', 11),
('Lê Thị B', '0911222222', 'password12', 'lethib@example.com', 12),
('Trần Văn C', '0911333333', 'password13', 'tranvanc@example.com', 13),
('Hoàng Thị D', '0911444444', 'password14', 'hoangthid@example.com', 14),
('Phạm Văn E', '0911555555', 'password15', 'phamvane@example.com', 15),
('Vũ Thị F', '0911666666', 'password16', 'vuthif@example.com', 16),
('Nguyễn Thị G', '0911777777', 'password17', 'nguyenthig@example.com', 17),
('Lê Văn H', '0911888888', 'password18', 'levanh@example.com', 18),
('Trần Thị I', '0911999999', 'password19', 'tranthi@example.com', 19),
('Hoàng Văn J', '0921111111', 'password20', 'hoangvanj@example.com', 20),
('Phạm Thị K', '0921222222', 'password21', 'phamthik@example.com', 21),
('Vũ Văn L', '0921333333', 'password22', 'vuvanl@example.com', 22),
('Nguyễn Văn M', '0921444444', 'password23', 'nguyenvanm@example.com', 23),
('Lê Thị N', '0921555555', 'password24', 'lethin@example.com', 24),
('Trần Văn O', '0921666666', 'password25', 'tranvano@example.com', 25),
('Hoàng Thị P', '0921777777', 'password26', 'hoangthip@example.com', 26),
('Phạm Văn Q', '0921888888', 'password27', 'phamvanq@example.com', 27),
('Vũ Thị R', '0921999999', 'password28', 'vuthir@example.com', 28),
('Nguyễn Thị S', '0931111111', 'password29', 'nguyenthis@example.com', 29),
('Lê Văn T', '0931222222', 'password30', 'levant@example.com', 30),
('Trần Thị U', '0931333333', 'password31', 'tranthiu@example.com', 31),
('Hoàng Văn V', '0931444444', 'password32', 'hoangvanv@example.com', 32),
('Phạm Thị W', '0931555555', 'password33', 'phamthiw@example.com', 33),
('Vũ Văn X', '0931666666', 'password34', 'vuvanx@example.com', 34),
('Nguyễn Văn Y', '0931777777', 'password35', 'nguyenvany@example.com', 35),
('Lê Thị Z', '0931888888', 'password36', 'lethiz@example.com', 36),
('Trần Văn AA', '0931999999', 'password37', 'tranvanaa@example.com', 37),
('Hoàng Thị BB', '0941111111', 'password38', 'hoangthibb@example.com', 38),
('Phạm Văn CC', '0941222222', 'password39', 'phamvancc@example.com', 39),
('Vũ Thị DD', '0941333333', 'password40', 'vuthidd@example.com', 40),
('Nguyễn Thị EE', '0941444444', 'password41', 'nguyenthiee@example.com', 41),
('Nguyễn Văn Hùng', '0901111111', 'password42', 'nguyenhung@example.com', 42),
('Lê Thị Bích', '0901222222', 'password43', 'lebich@example.com', 43),
('Trần Văn Phú', '0901333333', 'password44', 'tranphu@example.com', 44),
('Hoàng Thị Yến', '0901444444', 'password45', 'hoangyen@example.com', 45),
('Phạm Văn An', '0901555555', 'password46', 'phaman@example.com', 46),
('Vũ Thị Minh', '0901666666', 'password47', 'vuminh@example.com', 47),
('Nguyễn Thị Tuyết', '0901777777', 'password48', 'nguyentuyet@example.com', 48),
('Lê Văn Khoa', '0901888888', 'password49', 'lekhoa@example.com', 49),
('Trần Thị Hoa', '0901999999', 'password50', 'tranhoa@example.com', 50);

INSERT INTO CUSTOMERS (FULL_NAME, PHONE, PASS_WORD, EMAIL, ADDRESS_ID) VALUES
('Nguyễn Văn Anh', '0901111111', 'password211', 'nguyenanh@example.com', 51),
('Lê Thị Bình', '0901222222', 'password212', 'lebinh@example.com', 52),
('Trần Văn Công', '0901333333', 'password213', 'trancong@example.com', 53),
('Hoàng Thị Dương', '0901444444', 'password214', 'hoangduong@example.com', 54),
('Phạm Văn Duyên', '0901555555', 'password215', 'phamduyen@example.com', 55),
('Vũ Thị Giang', '0901666666', 'password216', 'vugiang@example.com', 56),
('Nguyễn Thị Hạnh', '0901777777', 'password217', 'nguyenhanh@example.com', 57),
('Lê Văn Hậu', '0901888888', 'password218', 'lethau@example.com', 58),
('Trần Thị Lan', '0901999999', 'password219', 'tranlan@example.com', 59),
('Hoàng Văn Lợi', '0911111111', 'password220', 'hoangloi@example.com', 60),
('Phạm Thị Mai', '0911222222', 'password221', 'phammai@example.com', 61),
('Vũ Văn Nghĩa', '0911333333', 'password222', 'vunghia@example.com', 62),
('Nguyễn Thị Oanh', '0911444444', 'password223', 'nguyenoanh@example.com', 63),
('Lê Văn Phong', '0911555555', 'password224', 'lephong@example.com', 64),
('Trần Thị Quế', '0911666666', 'password225', 'tranque@example.com', 65),
('Hoàng Văn Sơn', '0911777777', 'password226', 'hoangson@example.com', 66),
('Phạm Thị Tâm', '0911888888', 'password227', 'phamtam@example.com', 67),
('Vũ Văn Thanh', '0911999999', 'password228', 'vuthanh@example.com', 68),
('Nguyễn Thị Uyên', '0921111111', 'password229', 'nguyenuyen@example.com', 69),
('Lê Văn Vượng', '0921222222', 'password230', 'levuong@example.com', 70),
('Trần Thị Xuân', '0921333333', 'password231', 'tranxuan@example.com', 71),
('Hoàng Văn Yên', '0921444444', 'password232', 'hoangyen@example.com', 72),
('Phạm Văn Zú', '0921555555', 'password233', 'phamzu@example.com', 73),
('Vũ Thị Anh', '0921666666', 'password234', 'vuanh@example.com', 74),
('Nguyễn Văn Bảo', '0921777777', 'password235', 'nguyenbao@example.com', 75),
('Lê Thị Cẩm', '0921888888', 'password236', 'lecam@example.com', 76),
('Trần Văn Đông', '0921999999', 'password237', 'trandong@example.com', 77),
('Hoàng Thị Điệp', '0931111111', 'password238', 'hoangdiep@example.com', 78),
('Phạm Văn Đức', '0931222222', 'password239', 'phamduc@example.com', 79),
('Vũ Thị Hà', '0931333333', 'password240', 'vuha@example.com', 80),
('Nguyễn Thị Hằng', '0931444444', 'password241', 'nguyenhang@example.com', 81),
('Lê Văn Hiệp', '0931555555', 'password242', 'lehiep@example.com', 82),
('Trần Thị Huệ', '0931666666', 'password243', 'tranhue@example.com', 83),
('Hoàng Văn Khánh', '0931777777', 'password244', 'hoangkhanh@example.com', 84),
('Phạm Văn Lâm', '0931888888', 'password245', 'phamlam@example.com', 85),
('Vũ Thị Mai', '0931999999', 'password246', 'vumai@example.com', 86),
('Nguyễn Văn Nghĩa', '0941111111', 'password247', 'nguyennghia@example.com', 87),
('Lê Thị Oanh', '0941222222', 'password248', 'leoanh@example.com', 88),
('Trần Văn Phúc', '0941333333', 'password249', 'tranphuc@example.com', 89),
('Hoàng Thị Quyên', '0941444444', 'password250', 'hoangquyen@example.com', 90);

INSERT INTO CUSTOMERS (FULL_NAME, PHONE, PASS_WORD, EMAIL, ADDRESS_ID) VALUES
('Nguyễn Văn Hùng', '0901111111', 'password91', 'nguyenvanhung@example.com', 91),
('Lê Thị Bích', '0901222222', 'password92', 'lebich@example.com', 92),
('Trần Văn Phú', '0901333333', 'password93', 'tranphu@example.com', 93),
('Hoàng Thị Yến', '0901444444', 'password94', 'hoangyen@example.com', 94),
('Phạm Văn An', '0901555555', 'password95', 'phaman@example.com', 95),
('Vũ Thị Minh', '0901666666', 'password96', 'vuminh@example.com', 96),
('Nguyễn Thị Tuyết', '0901777777', 'password97', 'nguyentuyet@example.com', 97),
('Lê Văn Khoa', '0901888888', 'password98', 'lekhoa@example.com', 98),
('Trần Thị Hoa', '0901999999', 'password99', 'tranhoa@example.com', 99),
('Hoàng Văn Hiếu', '0911111111', 'password100', 'hoanghieu@example.com', 100),
('Phạm Thị Thanh', '0911222222', 'password101', 'phamthanh@example.com', 101),
('Vũ Văn Trung', '0911333333', 'password102', 'vutrung@example.com', 102),
('Nguyễn Thị Phượng', '0911444444', 'password103', 'nguyenphuong@example.com', 103),
('Lê Văn Đạt', '0911555555', 'password104', 'ledat@example.com', 104),
('Trần Thị Thùy', '0911666666', 'password105', 'tranthuy@example.com', 105),
('Hoàng Văn Khôi', '0911777777', 'password106', 'hoangkhoi@example.com', 106),
('Phạm Thị Loan', '0911888888', 'password107', 'phamloan@example.com', 107),
('Vũ Văn Thắng', '0911999999', 'password108', 'vuthang@example.com', 108),
('Nguyễn Văn Phúc', '0921111111', 'password109', 'nguyenphuc@example.com', 109),
('Lê Thị Hạnh', '0921222222', 'password110', 'lehanh@example.com', 110),
('Trần Văn Dũng', '0921333333', 'password111', 'trandung@example.com', 111),
('Hoàng Thị Lan', '0921444444', 'password112', 'hoanglan@example.com', 112),
('Phạm Văn Quân', '0921555555', 'password113', 'phamquan@example.com', 113),
('Vũ Thị Hải', '0921666666', 'password114', 'vuhai@example.com', 114),
('Nguyễn Văn Cường', '0921777777', 'password115', 'nguyencuong@example.com', 115),
('Lê Thị Phương', '0921888888', 'password116', 'lephuong@example.com', 116),
('Trần Văn Hậu', '0921999999', 'password117', 'tranhau@example.com', 117),
('Hoàng Thị Nhung', '0931111111', 'password118', 'hoangnhung@example.com', 118),
('Phạm Văn Hoàng', '0931222222', 'password119', 'phamhoang@example.com', 119),
('Vũ Thị Ngọc', '0931333333', 'password120', 'vungoc@example.com', 120),
('Nguyễn Thị Bình', '0931444444', 'password121', 'nguyenbinh@example.com', 121),
('Lê Văn Thiện', '0931555555', 'password122', 'lethien@example.com', 122),
('Trần Thị Huyền', '0931666666', 'password123', 'tranhuyen@example.com', 123),
('Hoàng Văn Hòa', '0931777777', 'password124', 'hoanghoa@example.com', 124),
('Phạm Thị Nga', '0931888888', 'password125', 'phamnga@example.com', 125),
('Vũ Văn Tâm', '0931999999', 'password126', 'vutam@example.com', 126);

INSERT INTO CUSTOMERS (FULL_NAME, PHONE, PASS_WORD, EMAIL, ADDRESS_ID) VALUES
('Nguyễn Văn Lâm', '0941111111', 'password127', 'nguyenlam@example.com', 127),
('Lê Thị Mai', '0941222222', 'password128', 'lemai@example.com', 128),
('Trần Văn Lợi', '0941333333', 'password129', 'tranloi@example.com', 129),
('Hoàng Thị Thu', '0941444444', 'password130', 'hoangthu@example.com', 130);

INSERT INTO CUSTOMERS (FULL_NAME, PHONE, PASS_WORD, EMAIL, ADDRESS_ID) VALUES
('Nguyễn Thị Hương', '0941555555', 'password131', 'huongnguyen@example.com', 131),
('Phạm Văn Đức', '0941666666', 'password132', 'phamduc@example.com', 132),
('Nguyễn Thị Thanh', '0941777777', 'password133', 'nguyenthanh@example.com', 133),
('Trần Văn Nam', '0941888888', 'password134', 'trannam@example.com', 134),
('Lê Thị Hà', '0941999999', 'password135', 'leha@example.com', 135),
('Hoàng Văn Quân', '0942000000', 'password136', 'hoangquan@example.com', 136),
('Nguyễn Thị Trang', '0942111111', 'password137', 'trangnguyen@example.com', 137),
('Lê Văn Tuấn', '0942222222', 'password138', 'letuan@example.com', 138),
('Phạm Thị Loan', '0942333333', 'password139', 'phamloan@example.com', 139),
('Trần Văn Hải', '0942444444', 'password140', 'tranhai@example.com', 140),
('Nguyễn Văn Long', '0942555555', 'password141', 'nguyenlong@example.com', 141),
('Lê Thị Thảo', '0942666666', 'password142', 'lethao@example.com', 142),
('Phạm Văn Sơn', '0942777777', 'password143', 'phamson@example.com', 143),
('Nguyễn Thị Hường', '0942888888', 'password144', 'huongnguyen@example.com', 144),
('Trần Văn Phúc', '0942999999', 'password145', 'tranphuc@example.com', 145),
('Lê Thị Lan', '0943000000', 'password146', 'lelan@example.com', 146),
('Hoàng Văn Đạt', '0943111111', 'password147', 'hoangdat@example.com', 147),
('Nguyễn Văn Dũng', '0943222222', 'password148', 'nguyendung@example.com', 148),
('Lê Thị Hương', '0943333333', 'password149', 'lehuong@example.com', 149),
('Phạm Văn Hoàng', '0943444444', 'password150', 'phamhoang@example.com', 150),
('Nguyễn Thị Hạnh', '0943555555', 'password151', 'nguyenhanh@example.com', 151),
('Trần Văn Tú', '0943666666', 'password152', 'trantu@example.com', 152),
('Lê Thị Ngọc', '0943777777', 'password153', 'lengoc@example.com', 153),
('Phạm Văn An', '0943888888', 'password154', 'phaman@example.com', 154),
('Nguyễn Thị Hoa', '0943999999', 'password155', 'nguyenhoa@example.com', 155),
('Trần Văn Hòa', '0944000000', 'password156', 'tranhoa@example.com', 156),
('Lê Văn Hải', '0944111111', 'password157', 'lehail@example.com', 157),
('Phạm Thị Ngân', '0944222222', 'password158', 'phamngan@example.com', 158),
('Nguyễn Văn Quang', '0944333333', 'password159', 'nguyenquang@example.com', 159),
('Lê Thị Thu', '0944444444', 'password160', 'lethu@example.com', 160),
('Hoàng Văn Tâm', '0944555555', 'password161', 'hoangtam@example.com', 161),
('Nguyễn Thị Hà', '0944666666', 'password162', 'nguyenha@example.com', 162),
('Trần Văn Minh', '0944777777', 'password163', 'tranminh@example.com', 163),
('Lê Văn Đức', '0944888888', 'password164', 'leduc@example.com', 164),
('Phạm Thị Thu', '0944999999', 'password165', 'phamthu@example.com', 165),
('Nguyễn Văn Tùng', '0945000000', 'password166', 'nguyentung@example.com', 166),
('Lê Thị Lan', '0945111111', 'password167', 'lelan@example.com', 167),
('Hoàng Văn Dũng', '0945222222', 'password168', 'hoangdung@example.com', 168),
('Nguyễn Thị Thơ', '0945333333', 'password169', 'nguyentho@example.com', 169),
('Trần Văn Hùng', '0945444444', 'password170', 'tranhung@example.com', 170);

INSERT INTO CUSTOMERS (FULL_NAME, PHONE, PASS_WORD, EMAIL, ADDRESS_ID) VALUES
('Nguyễn Văn Tâm', '0945555555', 'password171', 'nguyentam@example.com', 171),
('Lê Thị Hương', '0945666666', 'password172', 'lehuong@example.com', 172),
('Phạm Văn Đức', '0945777777', 'password173', 'phamduc@example.com', 173),
('Nguyễn Thị Thanh', '0945888888', 'password174', 'nguyenthanh@example.com', 174),
('Trần Văn Nam', '0945999999', 'password175', 'trannam@example.com', 175),
('Lê Thị Hà', '0946000000', 'password176', 'leha@example.com', 176),
('Hoàng Văn Quân', '0946111111', 'password177', 'hoangquan@example.com', 177),
('Nguyễn Thị Trang', '0946222222', 'password178', 'trangnguyen@example.com', 178),
('Lê Văn Tuấn', '0946333333', 'password179', 'letuan@example.com', 179),
('Phạm Thị Loan', '0946444444', 'password180', 'phamloan@example.com', 180),
('Trần Văn Hải', '0946555555', 'password181', 'tranhai@example.com', 181),
('Nguyễn Văn Long', '0946666666', 'password182', 'nguyenlong@example.com', 182),
('Lê Thị Thảo', '0946777777', 'password183', 'lethao@example.com', 183),
('Phạm Văn Sơn', '0946888888', 'password184', 'phamson@example.com', 184),
('Nguyễn Thị Hường', '0946999999', 'password185', 'huongnguyen@example.com', 185),
('Trần Văn Phúc', '0947000000', 'password186', 'tranphuc@example.com', 186),
('Lê Thị Lan', '0947111111', 'password187', 'lelan@example.com', 187),
('Hoàng Văn Đạt', '0947222222', 'password188', 'hoangdat@example.com', 188),
('Nguyễn Văn Dũng', '0947333333', 'password189', 'nguyendung@example.com', 189),
('Lê Thị Hương', '0947444444', 'password190', 'lehuong@example.com', 190),
('Phạm Văn Hoàng', '0947555555', 'password191', 'phamhoang@example.com', 191),
('Nguyễn Thị Hạnh', '0947666666', 'password192', 'nguyenhanh@example.com', 192),
('Trần Văn Tú', '0947777777', 'password193', 'trantu@example.com', 193),
('Lê Thị Ngọc', '0947888888', 'password194', 'lengoc@example.com', 194),
('Phạm Văn An', '0947999999', 'password195', 'phaman@example.com', 195),
('Nguyễn Thị Hoa', '0948000000', 'password196', 'nguyenhoa@example.com', 196),
('Trần Văn Hòa', '0948111111', 'password197', 'tranhoa@example.com', 197),
('Lê Văn Hải', '0948222222', 'password198', 'lehail@example.com', 198),
('Phạm Thị Ngân', '0948333333', 'password199', 'phamngan@example.com', 199),
('Nguyễn Văn Quang', '0948444444', 'password200', 'nguyenquang@example.com', 200),
('Lê Thị Thu', '0948555555', 'password201', 'lethu@example.com', 201),
('Hoàng Văn Tâm', '0948666666', 'password202', 'hoangtam@example.com', 202),
('Nguyễn Thị Hà', '0948777777', 'password203', 'nguyenha@example.com', 203),
('Trần Văn Minh', '0948888888', 'password204', 'tranminh@example.com', 204),
('Lê Văn Đức', '0948999999', 'password205', 'leduc@example.com', 205),
('Phạm Thị Thu', '0949000000', 'password206', 'phamthu@example.com', 206),
('Nguyễn Văn Tùng', '0949111111', 'password207', 'nguyentung@example.com', 207),
('Lê Thị Lan', '0949222222', 'password208', 'lelan@example.com', 208),
('Hoàng Văn Dũng', '0949333333', 'password209', 'hoangdung@example.com', 209),
('Nguyễn Thị Thơ', '0949444444', 'password210', 'nguyentho@example.com', 210);

INSERT INTO CUSTOMERS (FULL_NAME, PHONE, PASS_WORD, EMAIL, ADDRESS_ID) VALUES
('Nguyễn Văn Dương', '0949555555', 'password211', 'nguyenduong@example.com', 211),
('Lê Thị Hồng', '0949666666', 'password212', 'lehong@example.com', 212),
('Phạm Văn Hùng', '0949777777', 'password213', 'phamhung@example.com', 213),
('Nguyễn Thị Quyên', '0949888888', 'password214', 'nguyenquyen@example.com', 214),
('Trần Văn Thành', '0949999999', 'password215', 'tranthanh@example.com', 215),
('Lê Thị Phương', '0950000000', 'password216', 'lephuong@example.com', 216),
('Hoàng Văn Hào', '0950111111', 'password217', 'hoanghao@example.com', 217),
('Nguyễn Thị Lan', '0950222222', 'password218', 'nguyenlan@example.com', 218),
('Lê Văn Quân', '0950333333', 'password219', 'lequan@example.com', 219),
('Phạm Thị Thúy', '0950444444', 'password220', 'phamthuy@example.com', 220),
('Trần Văn Đức', '0950555555', 'password221', 'tranduc@example.com', 221),
('Nguyễn Thị Hải', '0950666666', 'password222', 'nguyenhai@example.com', 222),
('Lê Văn Hùng', '0950777777', 'password223', 'lehung@example.com', 223),
('Phạm Thị Hà', '0950888888', 'password224', 'phamha@example.com', 224),
('Nguyễn Văn Tài', '0950999999', 'password225', 'nguyentai@example.com', 225),
('Trần Thị Hương', '0951000000', 'password226', 'tranhuong@example.com', 226),
('Lê Văn Phú', '0951111111', 'password227', 'lephu@example.com', 227),
('Hoàng Thị Ngọc', '0951222222', 'password228', 'hoangngoc@example.com', 228),
('Nguyễn Văn Thắng', '0951333333', 'password229', 'nguyenthang@example.com', 229),
('Trần Thị Thanh', '0951444444', 'password230', 'tranthanh@example.com', 230),
('Lê Văn Tuấn', '0951555555', 'password231', 'letuan@example.com', 231),
('Phạm Thị Thu', '0951666666', 'password232', 'phamthu@example.com', 232),
('Nguyễn Văn Hiệp', '0951777777', 'password233', 'nguyenhiep@example.com', 233),
('Trần Thị Lan', '0951888888', 'password234', 'tranlan@example.com', 234),
('Lê Văn Hoàng', '0951999999', 'password235', 'lehoang@example.com', 235),
('Phạm Thị Hương', '0952000000', 'password236', 'phamhuong@example.com', 236),
('Nguyễn Văn Đông', '0952111111', 'password237', 'nguyendong@example.com', 237),
('Trần Thị Hà', '0952222222', 'password238', 'tranthiha@example.com', 238),
('Lê Văn Quang', '0952333333', 'password239', 'lequang@example.com', 239),
('Phạm Thị Hạnh', '0952444444', 'password240', 'phamhanh@example.com', 240),
('Nguyễn Văn Hòa', '0952555555', 'password241', 'nguyenhoa@example.com', 241),
('Trần Thị Hương', '0952666666', 'password242', 'tranhuong@example.com', 242);

