
CREATE TABLE SHIPPERS
(
  SHIPPER_ID SERIAL PRIMARY KEY,
  FULL_NAME VARCHAR(30) NOT NULL,
  PHONE_NUMBER VARCHAR(10) NOT NULL,
  STATUS INT NOT NULL,
  EMAIL VARCHAR(50) NOT NULL,
  CHECK(STATUS >= 0 AND STATUS <= 3)
);

CREATE TABLE CITIES
(
  CITY_ID SERIAL PRIMARY KEY,
  CITY_NAME VARCHAR(30) NOT NULL
);

CREATE TABLE ADDRESSES
(
  ADDRESS_ID SERIAL PRIMARY KEY,
  ADDRESS VARCHAR(50) NOT NULL,
  DISTRICT VARCHAR(30) NOT NULL,
  CITY_ID SERIAL NOT NULL,
  FOREIGN KEY (CITY_ID) REFERENCES CITIES(CITY_ID),
  POSTAL_CODE VARCHAR(10) NOT NULL
);


CREATE TABLE CUSTOMERS
(
  CUSTOMER_ID SERIAL PRIMARY KEY,
  FULL_NAME VARCHAR(40) NOT NULL,
  PHONE VARCHAR(12)   NOT NULL,
  PASS_WORD VARCHAR(20) NOT NULL,
  EMAIL VARCHAR(100) NOT NULL,
  ADDRESS_ID SERIAL  NOT NULL,
  FOREIGN KEY (ADDRESS_ID) REFERENCES ADDRESSES(ADDRESS_ID)
);

CREATE TABLE PRODUCTS
(
  PRODUCT_ID SERIAL PRIMARY KEY,
  PRODUCT_NAME VARCHAR(10000) NOT NULL,
  UNIT_PRICE MONEY NOT NULL,
  AMOUNT INT NOT NULL,
  TYPE INT NOT NULL,
  BRAND_ID INT NOT NULL,
  DESCRIPTION VARCHAR(10000000) NOT NULL,
  CHECK(AMOUNT >= 0 AND TYPE >= 0 AND TYPE <= 5)
);

CREATE TABLE VOUCHERS
(
  VOUCHER_ID SERIAL PRIMARY KEY,
  NAME VARCHAR(30) NOT NULL,
  DAY_START DATE NOT NULL,
  DAY_OFF DATE NOT NULL,
  PERCENT_OFF INT NOT NULL,
  AMOUNT INT NOT NULL,
  PRODUCT_ID INT NOT NULL,
  FOREIGN KEY (PRODUCT_ID) REFERENCES PRODUCTS(PRODUCT_ID),
  CHECK(PERCENT_OFF <= 70 AND PERCENT_OFF >= 10 AND AMOUNT >= 0)
);

CREATE TABLE ORDERS
(
  ORDER_ID SERIAL PRIMARY KEY,
  TIME DATE,
  TOTAL_PRICE MONEY,
  ADDRESS VARCHAR(50),
  STATUS INT NOT NULL,
  CUSTOMER_ID INT, 
  SHIPPER_ID INT,
  FOREIGN KEY (CUSTOMER_ID) REFERENCES CUSTOMERS(CUSTOMER_ID),
  FOREIGN KEY (SHIPPER_ID) REFERENCES SHIPPERS(SHIPPER_ID),
  CHECK( STATUS >= 0 AND STATUS <= 3)
);

CREATE TABLE LIST
(
  LIST_ID SERIAL PRIMARY KEY,
  QUANTITY INT NOT NULL,
  PRODUCT_ID INT NOT NULL,
  ORDER_ID INT NOT NULL,
  FOREIGN KEY (PRODUCT_ID) REFERENCES PRODUCTS(PRODUCT_ID),
  FOREIGN KEY (ORDER_ID) REFERENCES ORDERS(ORDER_ID),
  CHECK(QUANTITY >= 0)
);


CREATE TABLE PRODUCTS_BRAND
(
  BRAND_ID SERIAL PRIMARY KEY,
  BRAND_NAME VARCHAR(30) NOT NULL
);


INSERT INTO PRODUCTS_BRAND (BRAND_NAME)
VALUES
  ('Adidas'),
  ('Apacs'),
  ('Kawasaki'),
  ('Kumpoo'),
  ('Lining'),
  ('Mizuno'),
  ('Proace'),
  ('Victor'),
  ('VNB'),
  ('Yonex');




-- Tạo dữ liệu mẫu cho bảng PRODUCTS
INSERT INTO PRODUCTS (PRODUCT_NAME, UNIT_PRICE, AMOUNT, TYPE, BRAND_ID, DESCRIPTION)
VALUES
  -- Vợt Cầu Lông 
  ('Vợt Cầu Lông Yonex Astrox 88D', 3500.00, 20, 0, 10, 'Vợt cầu lông cao cấp, chất lượng tốt, phù hợp cho người chơi trình độ cao.'),
  ('Vợt Cầu Lông Victor Brave Sword 12', 2800.00, 15, 0, 8, 'Vợt cầu lông với thiết kế hiện đại, độ ổn định và kiểm soát tốt.'),
  ('Vợt Cầu Lông Lining Windstorm X90', 3000.00, 18, 0, 5, 'Vợt cầu lông với công nghệ hiện đại, tăng khả năng tấn công và phòng ngự.'),
  ('Vợt Cầu Lông Mizuno Fortius 900', 2500.00, 22, 0, 6, 'Vợt cầu lông với trọng lượng vừa phải, tạo cảm giác thoải mái khi cầm nắm.'),
  ('Vợt Cầu Lông Apacs Virtuoso 99', 2200.00, 25, 0, 2, 'Vợt cầu lông với khung đan chắc chắn, giúp tăng lực bật bóng.'),

  -- Giày Cầu Lông
  ('Giày Cầu Lông Yonex SHB-65Z2M', 1800.00, 30, 1, 10, 'Giày cầu lông chất lượng, êm chân, độ bám tốt, phù hợp cho người chơi cầu lông.'),
  ('Giày Cầu Lông Victor SH-A960', 1600.00, 28, 1, 8, 'Giày cầu lông với thiết kế thoáng khí, hỗ trợ di chuyển linh hoạt.'),
  ('Giày Cầu Lông Lining AYTJ005-4', 1700.00, 32, 1, 5, 'Giày cầu lông với đế cao su chống trượt, tăng độ bám sân.'),
  ('Giày Cầu Lông Mizuno Wave Exceed Tour 4 CC', 1900.00, 26, 1, 6, 'Giày cầu lông với thiết kế nhẹ và thoáng, giúp người chơi thoải mái.'),
  ('Giày Cầu Lông Apacs Jetspeed X2', 1500.00, 35, 1, 2, 'Giày cầu lông với công nghệ đế giúp tăng độ bám và ổn định khi di chuyển.'),

  -- Quần Áo Cầu Lông
  ('Áo Cầu Lông Yonex 10283EX', 500.00, 40, 2, 10, 'Áo cầu lông chất liệu thoáng mát, co giãn tốt, tạo cảm giác thoải mái khi chơi.'),
  ('Quần Cầu Lông Victor R-09000', 450.00, 38, 2, 8, 'Quần cầu lông với thiết kế thoáng khí, giúp người chơi di chuyển dễ dàng.'),
  ('Áo Quần Cầu Lông Lining AAYM013-1', 600.00, 42, 2, 5, 'Bộ quần áo chơi cầu lông, chất liệu co giãn, thoáng mát.'),
  ('Áo Cầu Lông Mizuno 73CL8A0109', 550.00, 36, 2, 6, 'Áo cầu lông thiết kế thoáng khí, giúp người chơi luôn cảm thấy thoải mái.'),
  ('Quần Cầu Lông Apacs AP-301', 480.00, 44, 2, 2, 'Quần cầu lông với chất liệu co giãn, phù hợp cho mọi hoạt động.');

-- Tạo dữ liệu mẫu cho bảng PRODUCTS
INSERT INTO PRODUCTS (PRODUCT_NAME, UNIT_PRICE, AMOUNT, TYPE, BRAND_ID, DESCRIPTION)
VALUES
  -- Vợt Cầu Lông (tiếp tục)
  ('Vợt Cầu Lông VNB Supreme 1000', 2900.00, 17, 0, 9, 'Vợt cầu lông với thiết kế đẹp mắt, độ bền và hiệu suất tốt.'),
  ('Vợt Cầu Lông Adidas Adizero 8.0', 3000.00, 19, 0, 1, 'Vợt cầu lông với trọng lượng nhẹ, giúp người chơi linh hoạt.'),
  ('Vợt Cầu Lông Victor Jetspeed S 12', 3100.00, 14, 0, 8, 'Vợt cầu lông với công nghệ tiên tiến, tăng tốc độ và sức mạnh.'),
  ('Vợt Cầu Lông Lining Turbo X90', 2900.00, 16, 0, 5, 'Vợt cầu lông với thiết kế cân bằng, mang lại cảm giác tuyệt vời.'),
  ('Vợt Cầu Lông Mizuno Fortius 800', 2700.00, 21, 0, 6, 'Vợt cầu lông với chất lượng cao, phù hợp cho các cấp độ chơi.'),

  -- Giày Cầu Lông (tiếp tục)
  ('Giày Cầu Lông Kawasaki KS-600', 1650.00, 29, 1, 3, 'Giày cầu lông với thiết kế thoáng khí, tăng độ bám và hỗ trợ di chuyển.'),
  ('Giày Cầu Lông Kumpoo KS-800', 1800.00, 27, 1, 4, 'Giày cầu lông với công nghệ đệm êm ái, giúp giảm tải trọng cho bàn chân.'),
  ('Giày Cầu Lông Proace Ace 1000', 1700.00, 31, 1, 7, 'Giày cầu lông với độ ổn định cao, phù hợp cho các hoạt động cầu lông.'),
  ('Giày Cầu Lông VNB Champion 500', 1550.00, 33, 1, 9, 'Giày cầu lông với thiết kế hiện đại, thoáng khí và có độ bám tốt.'),
  ('Giày Cầu Lông Adidas Barricade 2023', 1850.00, 24, 1, 1, 'Giày cầu lông với công nghệ tối ưu hóa, giúp người chơi di chuyển linh hoạt.'),
  ('Giày Cầu Lông Victor SH-P9200', 1750.00, 26, 1, 8, 'Giày cầu lông với thiết kế thoáng khí, êm ái và bền bỉ.'),
  ('Giày Cầu Lông Lining AYTM005-2', 1600.00, 30, 1, 5, 'Giày cầu lông với công nghệ đế chống trượt, tăng độ bám sân.'),
  ('Giày Cầu Lông Mizuno Wave Stealth V', 1900.00, 23, 1, 6, 'Giày cầu lông với thiết kế nhẹ và linh hoạt, mang lại cảm giác thoải mái.'),
  ('Giày Cầu Lông Apacs Jetspeed X3', 1600.00, 28, 1, 2, 'Giày cầu lông với công nghệ đệm cao cấp, hỗ trợ di chuyển tối ưu.'),

  -- Quần Áo Cầu Lông (tiếp tục)
  ('Áo Cầu Lông Yonex 10283EX', 500.00, 40, 2, 10, 'Áo cầu lông chất liệu thoáng mát, co giãn tốt, tạo cảm giác thoải mái khi chơi.'),
  ('Quần Cầu Lông Victor R-09000', 450.00, 38, 2, 8, 'Quần cầu lông với thiết kế thoáng khí, giúp người chơi di chuyển dễ dàng.'),
  ('Áo Quần Cầu Lông Lining AAYM013-1', 600.00, 42, 2, 5, 'Bộ quần áo chơi cầu lông, chất liệu co giãn, thoáng mát.'),
  ('Áo Cầu Lông Mizuno 73CL8A0109', 550.00, 36, 2, 6, 'Áo cầu lông thiết kế thoáng khí, giúp người chơi luôn cảm thấy thoải mái.'),
  ('Quần Cầu Lông Apacs AP-301', 480.00, 44, 2, 2, 'Quần cầu lông với chất liệu co giãn, phù hợp cho mọi hoạt động.'),
  ('Áo Cầu Lông Kawasaki KS-5100', 520.00, 37, 2, 3, 'Áo cầu lông với chất liệu thoáng khí, tạo cảm giác thoải mái khi chơi.'),
  ('Quần Cầu Lông Kumpoo KP-7000', 490.00, 41, 2, 4, 'Quần cầu lông với thiết kế linh hoạt, giúp người chơi di chuyển dễ dàng.'),
  ('Áo Quần Cầu Lông Proace S-2000', 580.00, 35, 2, 7, 'Bộ quần áo cầu lông chất lượng cao, phù hợp cho cả tập luyện và thi đấu.'),
  ('Áo Cầu Lông VNB Ace 300', 500.00, 39, 2, 9, 'Áo cầu lông với thiết kế hiện đại, chất liệu thoáng mát.'),
  ('Bộ Quần Áo Cầu Lông Adidas A100', 620.00, 33, 2, 1, 'Bộ quần áo cầu lông với công nghệ hiện đại, tăng hiệu suất vận động.');

-- Tạo dữ liệu mẫu cho bảng PRODUCTS
INSERT INTO PRODUCTS (PRODUCT_NAME, UNIT_PRICE, AMOUNT, TYPE, BRAND_ID, DESCRIPTION)
VALUES
  -- Phụ Kiện Cầu Lông
  ('Bao Tay Cầu Lông Yonex AC133', 150.00, 60, 3, 10, 'Bao tay cầu lông chất lượng, giúp tăng độ ma sát khi cầm vợt.'),
  ('Băng Cổ Tay Cầu Lông Victor VT-0120', 80.00, 80, 3, 8, 'Băng cổ tay hỗ trợ và bảo vệ cổ tay khi chơi cầu lông.'),
  ('Tất Cầu Lông Lining ASTC002-1', 50.00, 90, 3, 5, 'Tất cầu lông có độ thấm hút tốt, giúp chân thoải mái khi chơi.'),
  ('Khăn Quấn Tay Cầu Lông Mizuno 73WR8A0109', 40.00, 100, 3, 6, 'Khăn quấn tay giúp hấp thụ mồ hôi, tăng độ bám tay khi cầm vợt.'),
  ('Dây Cầu Lông Apacs AP-DY01', 120.00, 70, 3, 2, 'Dây cầu lông chất lượng, độ bền cao, dễ dàng thay thế.'),
  ('Bao Tay Cầu Lông Kawasaki KG-201', 160.00, 55, 3, 3, 'Bao tay cầu lông với chất liệu cao cấp, tăng độ ma sát khi cầm vợt.'), 
  ('Băng Cổ Tay Cầu Lông Kumpoo KW-001', 90.00, 75, 3, 4, 'Băng cổ tay hỗ trợ và bảo vệ cổ tay, giúp người chơi thoải mái.'),
  ('Tất Cầu Lông Proace ST-100', 60.00, 85, 3, 7, 'Tất cầu lông thoáng khí, hút ẩm tốt, mang lại cảm giác thoải mái.'),
  ('Khăn Quấn Tay Cầu Lông VNB TX-01', 45.00, 95, 3, 9, 'Khăn quấn tay giúp người chơi tăng độ bám tay, giảm mệt mỏi.'),
  ('Bao Tay Cầu Lông Adidas AD-BT01', 170.00, 50, 3, 1, 'Bao tay cầu lông cao cấp, tăng độ ma sát và hỗ trợ cầm vợt.'),

  -- Túi Đựng Vợt Cầu Lông
  ('Túi Đựng Vợt Cầu Lông Yonex BAG2012EX', 650.00, 40, 4, 10, 'Túi đựng vợt chất lượng, có nhiều ngăn tiện dụng, dễ mang theo.'),
  ('Túi Đựng Vợt Cầu Lông Victor BR9208', 580.00, 35, 4, 8, 'Túi đựng vợt với thiết kế nhẹ, có dây đeo vai thoải mái.'),
  ('Túi Đựng Vợt Cầu Lông Lining ABJK002-1', 620.00, 38, 4, 5, 'Túi đựng vợt với nhiều ngăn chứa, bảo vệ vợt an toàn.'),
  ('Túi Đựng Vợt Cầu Lông Mizuno 73TB8A0109', 600.00, 42, 4, 6, 'Túi đựng vợt thiết kế thời trang, gọn nhẹ, dễ mang theo.'),
  ('Túi Đựng Vợt Cầu Lông Apacs AP-TB01', 550.00, 45, 4, 2, 'Túi đựng vợt chất lượng cao, có nhiều ngăn để đựng các phụ kiện.'),
  ('Túi Đựng Vợt Cầu Lông Kawasaki KT-301', 600.00, 37, 4, 3, 'Túi đựng vợt với thiết kế tiện lợi, dễ mang theo khi di chuyển.'),
  ('Túi Đựng Vợt Cầu Lông Kumpoo KBG-100', 630.00, 33, 4, 4, 'Túi đựng vợt với chất liệu bền đẹp, bảo vệ vợt an toàn.'),
  ('Túi Đựng Vợt Cầu Lông Proace TB-2000', 580.00, 39, 4, 7, 'Túi đựng vợt thiết kế sang trọng, có nhiều ngăn chứa tiện dụng.'),
  ('Túi Đựng Vợt Cầu Lông VNB TV-01', 560.00, 43, 4, 9, 'Túi đựng vợt chất lượng cao, kiểu dáng hiện đại, dễ mang theo.'),
  ('Túi Đựng Vợt Cầu Lông Adidas AD-TB01', 650.00, 35, 4, 1, 'Túi đựng vợt với chất liệu cao cấp, bảo vệ vợt tốt, tiện mang theo.'),

  -- Bóng Cầu Lông
  ('Bóng Cầu Lông Yonex 5000', 120.00, 200, 5, 10, 'Bóng cầu lông chất lượng cao, độ bật tốt, phù hợp cho tập luyện và thi đấu.'),
  ('Bóng Cầu Lông Victor Future 1000', 110.00, 180, 5, 8, 'Bóng cầu lông có độ bền cao, tạo cảm giác tốt khi chơi.'),
  ('Bóng Cầu Lông Lining A++', 130.00, 190, 5, 5, 'Bóng cầu lông với độ đàn hồi tốt, phù hợp cho mọi người.'),
  ('Bóng Cầu Lông Mizuno 73BL8A0109', 140.00, 210, 5, 6, 'Bóng cầu lông chất lượng cao, độ bền cao, giúp tăng hiệu suất chơi.'),
  ('Bóng Cầu Lông Apacs AP-BL01', 100.00, 220, 5, 2, 'Bóng cầu lông với độ bền cao, giúp tăng khả năng tập luyện.'),
  ('Bóng Cầu Lông Kawasaki KB-100', 150.00, 195, 5, 3, 'Bóng cầu lông chất lượng cao, độ bền cao, giúp tăng hiệu suất chơi.'),
  ('Bóng Cầu Lông Kumpoo KB-200', 125.00, 205, 5, 4, 'Bóng cầu lông với độ bền cao, giúp tăng khả năng tập luyện.'),
  ('Bóng Cầu Lông Proace PB-1000', 135.00, 185, 5, 7, 'Bóng cầu lông chất lượng cao, độ bền cao, giúp tăng hiệu suất chơi.'),
  ('Bóng Cầu Lông VNB VB-01', 115.00, 195, 5, 9, 'Bóng cầu lông với độ bền cao, giúp tăng khả năng tập luyện.'),
  ('Bóng Cầu Lông Adidas AD-BL01', 145.00, 210, 5, 1, 'Bóng cầu lông chất lượng cao, độ bền cao, giúp tăng hiệu suất chơi.');

-- Tạo dữ liệu mẫu cho bảng PRODUCTS
INSERT INTO PRODUCTS (PRODUCT_NAME, UNIT_PRICE, AMOUNT, TYPE, BRAND_ID, DESCRIPTION)
VALUES
  -- Vợt Cầu Lông
  ('Vợt Cầu Lông Yonex Astrox 88D', 3500.00, 20, 0, 10, 'Vợt cầu lông cao cấp, chất lượng tốt, phù hợp cho người chơi trình độ cao.'),
  ('Vợt Cầu Lông Victor Brave Sword 12', 2800.00, 15, 0, 8, 'Vợt cầu lông với thiết kế hiện đại, độ ổn định và kiểm soát tốt.'),
  ('Vợt Cầu Lông Lining Windstorm X90', 3000.00, 18, 0, 5, 'Vợt cầu lông với công nghệ hiện đại, tăng khả năng tấn công và phòng ngự.'),
  ('Vợt Cầu Lông Mizuno Fortius 900', 2500.00, 22, 0, 6, 'Vợt cầu lông với trọng lượng vừa phải, tạo cảm giác thoải mái khi cầm nắm.'),
  ('Vợt Cầu Lông Apacs Virtuoso 99', 2200.00, 25, 0, 2, 'Vợt cầu lông với khung đan chắc chắn, giúp tăng lực bật bóng.'),
  ('Vợt Cầu Lông Kawasaki Rexel 7000', 2800.00, 18, 0, 3, 'Vợt cầu lông với thiết kế hiện đại, tăng cường sức mạnh và độ bền.'),
  ('Vợt Cầu Lông Kumpoo KR-V12', 3200.00, 16, 0, 4, 'Vợt cầu lông với công nghệ hiện đại, tối ưu hóa lực tấn công.'),
  ('Vợt Cầu Lông Proace Power 999', 2600.00, 20, 0, 7, 'Vợt cầu lông với kiểm soát tốt, phù hợp cho người chơi trình độ cao.'),
  ('Vợt Cầu Lông VNB Supreme 1000', 2900.00, 17, 0, 9, 'Vợt cầu lông với thiết kế đẹp mắt, độ bền và hiệu suất tốt.'),
  ('Vợt Cầu Lông Adidas Adizero 8.0', 3000.00, 19, 0, 1, 'Vợt cầu lông với trọng lượng nhẹ, giúp người chơi linh hoạt.'),
  ('Vợt Cầu Lông Victor Jetspeed S 12', 3100.00, 14, 0, 8, 'Vợt cầu lông với công nghệ tiên tiến, tăng tốc độ và sức mạnh.'),
  ('Vợt Cầu Lông Lining Turbo X90', 2900.00, 16, 0, 5, 'Vợt cầu lông với thiết kế cân bằng, mang lại cảm giác tuyệt vời.'),
  ('Vợt Cầu Lông Mizuno Fortius 800', 2700.00, 21, 0, 6, 'Vợt cầu lông với chất lượng cao, phù hợp cho các cấp độ chơi.'),
  ('Vợt Cầu Lông Yonex Nanoray 800', 3300.00, 15, 0, 10, 'Vợt cầu lông với công nghệ hiện đại, mang lại hiệu suất tối ưu.'),
  ('Vợt Cầu Lông Victor Thruster K 9000', 2900.00, 18, 0, 8, 'Vợt cầu lông với thiết kế cân bằng, độ chính xác và kiểm soát tốt.'),
  ('Vợt Cầu Lông Lining Windstorm X80', 2800.00, 17, 0, 5, 'Vợt cầu lông với công nghệ hiện đại, tăng khả năng phòng ngự và tấn công.'),
  ('Vợt Cầu Lông Mizuno Fortius 700', 2600.00, 20, 0, 6, 'Vợt cầu lông với trọng lượng nhẹ, mang lại cảm giác thoải mái khi cầm.'),
  ('Vợt Cầu Lông Apacs Virtuoso 88', 2300.00, 22, 0, 2, 'Vợt cầu lông với thiết kế hiện đại, độ bền và hiệu suất ổn định.'),
  ('Vợt Cầu Lông Kawasaki Rexel 6000', 2700.00, 16, 0, 3, 'Vợt cầu lông với công nghệ tiên tiến, giúp tối ưu hóa lực tấn công.'),
  ('Vợt Cầu Lông Kumpoo KR-V10', 3000.00, 14, 0, 4, 'Vợt cầu lông với thiết kế cân bằng, mang lại cảm giác chắc tay.'),

  -- Giày Cầu Lông
  ('Giày Cầu Lông Yonex SHB-65Z2M', 1800.00, 30, 1, 10, 'Giày cầu lông chất lượng, êm chân, độ bám tốt, phù hợp cho người chơi cầu lông.'),
  ('Giày Cầu Lông Victor SH-A960', 1600.00, 28, 1, 8, 'Giày cầu lông với thiết kế thoáng khí, hỗ trợ di chuyển linh hoạt.'),
  ('Giày Cầu Lông Lining AYTJ005-4', 1700.00, 32, 1, 5, 'Giày cầu lông với đế cao su chống trượt, tăng độ bám sân.'),
  ('Giày Cầu Lông Apacs Jetspeed X2', 1500.00, 35, 1, 2, 'Giày cầu lông với công nghệ đế giúp tăng độ bám và ổn định khi di chuyển.'),
  ('Giày Cầu Lông Kawasaki KS-600', 1650.00, 29, 1, 3, 'Giày cầu lông với thiết kế thoáng khí, tăng độ bám và hỗ trợ di chuyển.'),
  ('Giày Cầu Lông Kumpoo KS-800', 1800.00, 27, 1, 4, 'Giày cầu lông với công nghệ đệm êm ái, giúp giảm tải trọng cho bàn chân.'),
  ('Giày Cầu Lông Proace Ace 1000', 1700.00, 31, 1, 7, 'Giày cầu lông với độ ổn định cao, phù hợp cho các hoạt động cầu lông.'),
  ('Giày Cầu Lông VNB Champion 500', 1550.00, 33, 1, 9, 'Giày cầu lông với thiết kế hiện đại, thoáng khí và có độ bám tốt.'),
  ('Giày Cầu Lông Adidas Barricade 2023', 1850.00, 24, 1, 1, 'Giày cầu lông với công nghệ tối ưu hóa, giúp người chơi di chuyển linh hoạt.'),
  ('Giày Cầu Lông Victor SH-P9200', 1750.00, 26, 1, 8, 'Giày cầu lông với thiết kế thoáng khí, êm ái và bền bỉ.'),
  ('Giày Cầu Lông Lining AYTM005-2', 1600.00, 30, 1, 5, 'Giày cầu lông với công nghệ đế chống trượt, tăng độ bám sân.'),
  ('Giày Cầu Lông Mizuno Wave Stealth V', 1900.00, 23, 1, 6, 'Giày cầu lông với thiết kế nhẹ và linh hoạt, mang lại cảm giác thoải mái.'),
  ('Giày Cầu Lông Apacs Jetspeed X3', 1600.00, 28, 1, 2, 'Giày cầu lông với công nghệ đệm cao cấp, hỗ trợ di chuyển tối ưu.'),
  ('Giày Cầu Lông Yonex SHB-65Z3M', 1850.00, 25, 1, 10, 'Giày cầu lông với độ bám tốt, thoáng khí và êm ái, phù hợp cho người chơi cấp cao.'),
  ('Giày Cầu Lông Victor SH-A970', 1680.00, 27, 1, 8, 'Giày cầu lông có thiết kế linh hoạt, hỗ trợ di chuyển tối ưu.'),
  ('Giày Cầu Lông Lining AYTJ007-2', 1750.00, 29, 1, 5, 'Giày cầu lông với công nghệ đế chống trượt, tăng độ bám sân và ổn định.'),
  ('Giày Cầu Lông Mizuno Wave Medal 5', 1920.00, 22, 1, 6, 'Giày cầu lông với thiết kế tối ưu, mang lại cảm giác thoải mái khi chơi.'),
  ('Giày Cầu Lông Apacs Jetspeed X4', 1650.00, 26, 1, 2, 'Giày cầu lông với công nghệ đệm cao cấp, giúp giảm tải trọng cho bàn chân.'),

  -- Quần Áo Cầu Lông
  ('Áo Cầu Lông Yonex 10283EX', 500.00, 40, 2, 10, 'Áo cầu lông chất liệu thoáng mát, co giãn tốt, tạo cảm giác thoải mái khi chơi.'),
  ('Quần Cầu Lông Victor R-09000', 450.00, 38, 2, 8, 'Quần cầu lông với thiết kế thoáng khí, giúp người chơi di chuyển dễ dàng.'),
  ('Áo Quần Cầu Lông Lining AAYM013-1', 600.00, 42, 2, 5, 'Bộ quần áo chơi cầu lông, chất liệu co giãn, thoáng mát.'),
  ('Áo Cầu Lông Mizuno 73CL8A0109', 550.00, 36, 2, 6, 'Áo cầu lông thiết kế thoáng khí, giúp người chơi luôn cảm thấy thoải mái.'),
  ('Quần Cầu Lông Apacs AP-301', 480.00, 44, 2, 2, 'Quần cầu lông với chất liệu co giãn, phù hợp cho mọi hoạt động.'),
  ('Áo Cầu Lông Kawasaki KS-5100', 520.00, 37, 2, 3, 'Áo cầu lông với chất liệu thoáng khí, tạo cảm giác thoải mái khi chơi.'),
  ('Quần Cầu Lông Kumpoo KP-7000', 490.00, 41, 2, 4, 'Quần cầu lông với thiết kế linh hoạt, giúp người chơi di chuyển dễ dàng.'),
  ('Áo Quần Cầu Lông Proace S-2000', 580.00, 35, 2, 7, 'Bộ quần áo cầu lông chất lượng cao, phù hợp cho cả tập luyện và thi đấu.'),
  ('Áo Cầu Lông VNB Ace 300', 500.00, 39, 2, 9, 'Áo cầu lông với thiết kế hiện đại, chất liệu thoáng mát.'),
  ('Bộ Quần Áo Cầu Lông Adidas A100', 620.00, 33, 2, 1, 'Bộ quần áo cầu lông với công nghệ hiện đại, tăng hiệu suất vận động.'),
  ('Áo Cầu Lông Yonex 10283EX', 500.00, 40, 2, 10, 'Áo cầu lông chất liệu thoáng mát, co giãn tốt, tạo cảm giác thoải mái khi chơi.'),
  ('Quần Cầu Lông Victor R-09000', 450.00, 38, 2, 8, 'Quần cầu lông với thiết kế thoáng khí, giúp người chơi di chuyển dễ dàng.'),
  ('Áo Quần Cầu Lông Lining AAYM013-1', 600.00, 42, 2, 5, 'Bộ quần áo chơi cầu lông, chất liệu co giãn, thoáng mát.'),
  ('Áo Cầu Lông Mizuno 73CL8A0109', 550.00, 36, 2, 6, 'Áo cầu lông thiết kế thoáng khí, giúp người chơi luôn cảm thấy thoải mái.'),
  ('Quần Cầu Lông Apacs AP-301', 480.00, 44, 2, 2, 'Quần cầu lông với chất liệu co giãn, phù hợp cho mọi hoạt động.'),
  ('Áo Cầu Lông Kawasaki KS-5100', 520.00, 37, 2, 3, 'Áo cầu lông với chất liệu thoáng khí, tạo cảm giác thoải mái khi chơi.'),
  ('Quần Cầu Lông Kumpoo KP-7000', 490.00, 41, 2, 4, 'Quần cầu lông với thiết kế linh hoạt, giúp người chơi di chuyển dễ dàng.'),
  ('Áo Quần Cầu Lông Proace S-2000', 580.00, 35, 2, 7, 'Bộ quần áo cầu lông chất lượng cao, phù hợp cho cả tập luyện và thi đấu.'),
  ('Áo Cầu Lông VNB Ace 300', 500.00, 39, 2, 9, 'Áo cầu lông với thiết kế hiện đại, chất liệu thoáng mát.'),
  ('Bộ Quần Áo Cầu Lông Adidas A100', 620.00, 33, 2, 1, 'Bộ quần áo cầu lông với công nghệ hiện đại, tăng hiệu suất vận động.'),
  ('Áo Cầu Lông Yonex 10283EX', 500.00, 40, 2, 10, 'Áo cầu lông chất liệu thoáng mát, co giãn tốt, tạo cảm giác thoải mái khi chơi.'),
  ('Quần Cầu Lông Victor R-09000', 450.00, 38, 2, 8, 'Quần cầu lông với thiết kế thoáng khí, giúp người chơi di chuyển dễ dàng.'),
  ('Áo Quần Cầu Lông Lining AAYM013-1', 600.00, 42, 2, 5, 'Bộ quần áo chơi cầu lông, chất liệu co giãn, thoáng mát.'),
  ('Bộ Quần Áo Cầu Lông Adidas A100', 620.00, 33, 2, 1, 'Bộ quần áo cầu lông với công nghệ hiện đại, tăng hiệu suất vận động.'),
  ('Áo Cầu Lông Yonex 10383EX', 550.00, 35, 2, 10, 'Áo cầu lông với chất liệu thoáng khí, co giãn tốt, mang lại thoải mái khi chơi.'),
  ('Quần Cầu Lông Victor R-11000', 480.00, 40, 2, 8, 'Quần cầu lông với thiết kế linh hoạt, giúp người chơi di chuyển dễ dàng.'),
  ('Áo Quần Cầu Lông Lining AAYM015-2', 630.00, 38, 2, 5, 'Bộ quần áo chơi cầu lông chất lượng cao, thoáng mát và co giãn tốt.'),
  ('Áo Cầu Lông Mizuno 73CL8A0112', 580.00, 32, 2, 6, 'Áo cầu lông với thiết kế tối ưu, giúp người chơi luôn cảm thấy thoải mái.'),
  ('Quần Cầu Lông Apacs AP-302', 500.00, 42, 2, 2, 'Quần cầu lông chất liệu co giãn, phù hợp cho mọi hoạt động.'),
  ('Áo Cầu Lông Kawasaki KS-5200', 540.00, 35, 2, 3, 'Áo cầu lông với chất liệu thoáng khí, mang lại cảm giác thoải mái khi chơi.'),
  ('Quần Cầu Lông Kumpoo KP-7100', 510.00, 39, 2, 4, 'Quần cầu lông với thiết kế linh hoạt, hỗ trợ di chuyển tốt.'),
  ('Áo Quần Cầu Lông Proace S-2500', 600.00, 30, 2, 7, 'Bộ quần áo cầu lông chất lượng cao, phù hợp cho cả tập luyện và thi đấu.'),
  ('Áo Cầu Lông VNB Ace 400', 520.00, 37, 2, 9, 'Áo cầu lông với thiết kế hiện đại, chất liệu thoáng mát.'),

  -- Phụ Kiện Cầu Lông
  ('Bao Tay Cầu Lông Yonex AC133', 150.00, 60, 3, 10, 'Bao tay cầu lông chất lượng, giúp tăng độ ma sát khi cầm vợt.'),
  ('Băng Cổ Tay Cầu Lông Victor VT-0120', 80.00, 80, 3, 8, 'Băng cổ tay hỗ trợ và bảo vệ cổ tay khi chơi cầu lông.'),
  ('Tất Cầu Lông Lining ASTC002-1', 50.00, 90, 3, 5, 'Tất cầu lông có độ thấm hút tốt, giúp chân thoải mái khi chơi.'),
  ('Khăn Quấn Tay Cầu Lông Mizuno 73WR8A0109', 40.00, 100, 3, 6, 'Khăn quấn tay giúp hấp thụ mồ hôi, tăng độ bám tay khi cầm vợt.'),
  ('Dây Cầu Lông Apacs AP-DY01', 120.00, 70, 3, 2, 'Dây cầu lông chất lượng, độ bền cao, dễ dàng thay thế.'),
  ('Bao Tay Cầu Lông Kawasaki KG-201', 160.00, 55, 3, 3, 'Bao tay cầu lông với chất liệu cao cấp, tăng độ ma sát khi cầm vợt.'),
  ('Băng Cổ Tay Cầu Lông Kumpoo KW-001', 90.00, 75, 3, 4, 'Băng cổ tay hỗ trợ và bảo vệ cổ tay, giúp người chơi thoải mái.'),
  ('Tất Cầu Lông Proace ST-100', 60.00, 85, 3, 7, 'Tất cầu lông thoáng khí, hút ẩm tốt, mang lại cảm giác thoải mái.'),
  ('Khăn Quấn Tay Cầu Lông VNB TX-01', 45.00, 95, 3, 9, 'Khăn quấn tay giúp người chơi tăng độ bám tay, giảm mệt mỏi.'),
  ('Bao Tay Cầu Lông Adidas AD-BT01', 170.00, 50, 3, 1, 'Bao tay cầu lông cao cấp, tăng độ ma sát và hỗ trợ cầm vợt.'),
  ('Bao Tay Cầu Lông Yonex AC135', 160.00, 55, 3, 10, 'Bao tay cầu lông chất lượng cao, giúp tăng độ bám khi cầm vợt.'),
  ('Băng Cổ Tay Cầu Lông Victor VT-0130', 85.00, 75, 3, 8, 'Băng cổ tay hỗ trợ và bảo vệ cổ tay, tăng độ thoải mái khi chơi cầu lông.'),
  ('Tất Cầu Lông Lining ASTC003-2', 55.00, 85, 3, 5, 'Tất cầu lông với chất liệu thoáng khí, giúp chân luôn khô ráo.'),
   -- Phụ Kiện Cầu Lông (tiếp tục)
  ('Khăn Quấn Tay Cầu Lông Apacs AP-TW01', 50.00, 90, 3, 2, 'Khăn quấn tay cầu lông giúp hấp thụ mồ hôi, tăng độ bám tay khi cầm vợt.'),
  ('Khăn Quấn Tay Cầu Lông Kawasaki KG-101', 45.00, 100, 3, 3, 'Khăn quấn tay cầu lông chất lượng, giúp người chơi thoải mái khi thi đấu.'),
  ('Khăn Quấn Tay Cầu Lông Kumpoo KW-002', 55.00, 85, 3, 4, 'Khăn quấn tay cầu lông với độ thấm hút tốt, giúp tăng độ bám tay.'),
  ('Khăn Quấn Tay Cầu Lông Proace TX-2000', 40.00, 95, 3, 7, 'Khăn quấn tay cầu lông chất lượng, tạo cảm giác thoải mái khi chơi.'),
  ('Khăn Quấn Tay Cầu Lông VNB TX-02', 50.00, 90, 3, 9, 'Khăn quấn tay cầu lông với thiết kế tiện dụng, hỗ trợ người chơi tốt.'),
  ('Khăn Quấn Tay Cầu Lông Adidas AD-TW01', 60.00, 80, 3, 1, 'Khăn quấn tay cầu lông cao cấp, giúp tăng độ bám và hấp thụ mồ hôi.'),
  ('Khăn Quấn Tay Cầu Lông Yonex AC137', 55.00, 85, 3, 10, 'Khăn quấn tay cầu lông chất lượng, tạo cảm giác thoải mái khi chơi.'),
  ('Khăn Quấn Tay Cầu Lông Victor VT-0140', 45.00, 90, 3, 8, 'Khăn quấn tay cầu lông với độ thấm hút tốt, giúp người chơi thoải mái.'),
  ('Khăn Quấn Tay Cầu Lông Lining AWTC001-3', 50.00, 87, 3, 5, 'Khăn quấn tay cầu lông chất lượng, tăng độ bám khi cầm vợt.'),
  ('Khăn Quấn Tay Cầu Lông Mizuno 73WR8A0112', 48.00, 92, 3, 6, 'Khăn quấn tay cầu lông với thiết kế tối ưu, giúp hấp thụ mồ hôi.'),

  -- Túi Đựng Vợt Cầu Lông
  ('Túi Đựng Vợt Cầu Lông Yonex BAG2012EX', 650.00, 40, 4, 10, 'Túi đựng vợt chất lượng, có nhiều ngăn tiện dụng, dễ mang theo.'),
  ('Túi Đựng Vợt Cầu Lông Victor BR9208', 580.00, 35, 4, 8, 'Túi đựng vợt với thiết kế nhẹ, có dây đeo vai thoải mái.'),
  ('Túi Đựng Vợt Cầu Lông Lining ABJK002-1', 620.00, 38, 4, 5, 'Túi đựng vợt với nhiều ngăn chứa, bảo vệ vợt an toàn.'),
  ('Túi Đựng Vợt Cầu Lông Mizuno 73TB8A0109', 600.00, 42, 4, 6, 'Túi đựng vợt thiết kế thời trang, gọn nhẹ, dễ mang theo.'),
  ('Túi Đựng Vợt Cầu Lông Apacs AP-TB01', 550.00, 45, 4, 2, 'Túi đựng vợt chất lượng cao, có nhiều ngăn để đựng các phụ kiện.'),
  ('Túi Đựng Vợt Cầu Lông Kawasaki KT-301', 600.00, 37, 4, 3, 'Túi đựng vợt với thiết kế tiện lợi, dễ mang theo khi di chuyển.'),
  ('Túi Đựng Vợt Cầu Lông Kumpoo KBG-100', 630.00, 33, 4, 4, 'Túi đựng vợt với chất liệu bền đẹp, bảo vệ vợt an toàn.'),
  ('Túi Đựng Vợt Cầu Lông Proace TB-2000', 580.00, 39, 4, 7, 'Túi đựng vợt thiết kế sang trọng, có nhiều ngăn chứa tiện dụng.'),
  ('Túi Đựng Vợt Cầu Lông VNB TV-01', 560.00, 43, 4, 9, 'Túi đựng vợt chất lượng cao, kiểu dáng hiện đại, dễ mang theo.'),
  ('Túi Đựng Vợt Cầu Lông Adidas AD-TB01', 650.00, 35, 4, 1, 'Túi đựng vợt với chất liệu cao cấp, bảo vệ vợt tốt, tiện mang theo.');


  -- Tạo dữ liệu mẫu cho bảng PRODUCTS
INSERT INTO PRODUCTS (PRODUCT_NAME, UNIT_PRICE, AMOUNT, TYPE, BRAND_ID, DESCRIPTION)
VALUES
  -- Vợt Cầu Lông
  ('Vợt Cầu Lông Yonex Astrox 100ZZ', 3800.00, 22, 0, 10, 'Vợt cầu lông cao cấp, công nghệ hiện đại, độ bền và hiệu suất tối ưu.'),
  ('Vợt Cầu Lông Victor Jetspeed S 13', 3300.00, 18, 0, 8, 'Vợt cầu lông với thiết kế cân bằng, tăng tốc độ và lực tấn công.'),
  ('Vợt Cầu Lông Lining Windstorm X99', 3200.00, 20, 0, 5, 'Vợt cầu lông với công nghệ hiện đại, tối ưu hóa khả năng phòng ngự và tấn công.'),
  ('Vợt Cầu Lông Mizuno Fortius 850', 2900.00, 24, 0, 6, 'Vợt cầu lông với trọng lượng vừa phải, tạo cảm giác thoải mái khi cầm nắm.'),
  ('Vợt Cầu Lông Apacs Virtuoso 99X', 2400.00, 27, 0, 2, 'Vợt cầu lông với thiết kế hiện đại, tăng cường khả năng tấn công.'),
  ('Vợt Cầu Lông Kawasaki Rexel 7500', 3000.00, 20, 0, 3, 'Vợt cầu lông với công nghệ tiên tiến, độ bền và hiệu suất tốt.'),
  ('Vợt Cầu Lông Kumpoo KR-V15', 3400.00, 16, 0, 4, 'Vợt cầu lông với thiết kế cân bằng, tăng khả năng kiểm soát bóng.'),
  ('Vợt Cầu Lông Proace Power 1099', 2800.00, 22, 0, 7, 'Vợt cầu lông với độ ổn định cao, phù hợp cho cả người chơi trình độ cao.'),
  ('Vợt Cầu Lông VNB Supreme 1500', 3100.00, 18, 0, 9, 'Vợt cầu lông với thiết kế hiện đại, chất lượng tốt và độ bền cao.'),
  ('Vợt Cầu Lông Adidas Adizero 9.0', 3200.00, 21, 0, 1, 'Vợt cầu lông với trọng lượng nhẹ, giúp người chơi di chuyển nhanh nhẹn.'),
  ('Vợt Cầu Lông Victor Jetspeed S 14', 3400.00, 16, 0, 8, 'Vợt cầu lông với công nghệ tiên tiến, tăng tốc độ và lực tấn công.'),
  ('Vợt Cầu Lông Lining Turbo X99', 3100.00, 18, 0, 5, 'Vợt cầu lông với thiết kế cân bằng, mang lại cảm giác tuyệt vời khi chơi.'),
  ('Vợt Cầu Lông Mizuno Fortius 750', 2900.00, 23, 0, 6, 'Vợt cầu lông với chất lượng cao, phù hợp cho các cấp độ chơi.'),
  ('Vợt Cầu Lông Yonex Nanoray 900', 3500.00, 17, 0, 10, 'Vợt cầu lông với công nghệ hiện đại, mang lại hiệu suất tối ưu.'),
  ('Vợt Cầu Lông Victor Thruster K 9500', 3100.00, 20, 0, 8, 'Vợt cầu lông với thiết kế cân bằng, độ chính xác và kiểm soát tốt.'),
  ('Vợt Cầu Lông Lining Windstorm X90X', 3000.00, 19, 0, 5, 'Vợt cầu lông với công nghệ hiện đại, tăng khả năng phòng ngự và tấn công.'),
  ('Vợt Cầu Lông Mizuno Fortius 650', 2800.00, 22, 0, 6, 'Vợt cầu lông với trọng lượng nhẹ, mang lại cảm giác thoải mái khi cầm.'),
  ('Vợt Cầu Lông Apacs Virtuoso 88X', 2500.00, 24, 0, 2, 'Vợt cầu lông với thiết kế hiện đại, độ bền và hiệu suất ổn định.'),
  ('Vợt Cầu Lông Kawasaki Rexel 6500', 2900.00, 18, 0, 3, 'Vợt cầu lông với công nghệ tiên tiến, giúp tối ưu hóa lực tấn công.'),
  ('Vợt Cầu Lông Kumpoo KR-V12X', 3200.00, 16, 0, 4, 'Vợt cầu lông với thiết kế cân bằng, mang lại cảm giác chắc tay.'),

  -- Giày Cầu Lông
  ('Giày Cầu Lông Yonex SHB-65Z3L', 1900.00, 32, 1, 10, 'Giày cầu lông chất lượng cao, êm chân, độ bám tốt, phù hợp cho người chơi cầu lông.'),
  ('Giày Cầu Lông Victor SH-A980', 1700.00, 30, 1, 8, 'Giày cầu lông với thiết kế thoáng khí, hỗ trợ di chuyển linh hoạt.'),
  ('Giày Cầu Lông Lining AYTJ007-4', 1800.00, 34, 1, 5, 'Giày cầu lông với đế cao su chống trượt, tăng độ bám sân.'),
   ('Giày Cầu Lông Apacs Jetspeed X5', 1700.00, 29, 1, 2, 'Giày cầu lông với công nghệ đế êm ái, giúp giảm tải trọng cho bàn chân.'),
  ('Giày Cầu Lông Kawasaki KS-650', 1800.00, 26, 1, 3, 'Giày cầu lông với thiết kế thoáng khí, tăng độ bám và ổn định khi di chuyển.'),
  ('Giày Cầu Lông Kumpoo KS-850', 1850.00, 23, 1, 4, 'Giày cầu lông với công nghệ tối ưu, mang lại sự thoải mái khi chơi.'),
  ('Giày Cầu Lông Proace Ace 2000', 1750.00, 27, 1, 7, 'Giày cầu lông với độ ổn định và bám sân cao, phù hợp cho mọi hoạt động.'),
  ('Giày Cầu Lông VNB Champion 700', 1600.00, 31, 1, 9, 'Giày cầu lông với thiết kế thoáng khí, tạo cảm giác thoải mái khi di chuyển.'),
  ('Giày Cầu Lông Adidas Barricade 2024', 1900.00, 22, 1, 1, 'Giày cầu lông với công nghệ hiện đại, giúp người chơi di chuyển nhanh nhẹn.'),
  ('Giày Cầu Lông Victor SH-P9300', 1800.00, 24, 1, 8, 'Giày cầu lông với chất lượng vượt trội, độ bền cao và thoải mái khi sử dụng.'),
  ('Giày Cầu Lông Lining AYTJ007-6', 1650.00, 28, 1, 5, 'Giày cầu lông với đệm cao cấp, giúp giảm tải trọng cho bàn chân.'),
  ('Giày Cầu Lông Mizuno Wave Stealth VI', 2050.00, 20, 1, 6, 'Giày cầu lông với thiết kế hiện đại, mang lại sự ổn định và thoải mái khi chơi.'),
  ('Giày Cầu Lông Apacs Jetspeed X6', 1750.00, 25, 1, 2, 'Giày cầu lông với công nghệ đế chống trượt, tăng độ bám sân.'),
  ('Giày Cầu Lông Yonex SHB-65Z3N', 1900.00, 21, 1, 10, 'Giày cầu lông chất lượng cao, phù hợp cho các cấp độ chơi.'),
  ('Giày Cầu Lông Victor SH-A990', 1750.00, 23, 1, 8, 'Giày cầu lông với thiết kế tối ưu, giúp người chơi di chuyển linh hoạt.'),
  ('Giày Cầu Lông Lining AYTJ007-8', 1700.00, 26, 1, 5, 'Giày cầu lông với công nghệ đế chống trơn trượt, tăng độ bám sân.'),
  ('Giày Cầu Lông Mizuno Wave Stealth VII', 2100.00, 19, 1, 6, 'Giày cầu lông với thiết kế hiện đại, mang lại cảm giác thoải mái khi chơi.'),
  ('Giày Cầu Lông Apacs Jetspeed X7', 1800.00, 22, 1, 2, 'Giày cầu lông với công nghệ đệm cao cấp, giúp giảm tải trọng cho bàn chân.'),
  ('Giày Cầu Lông Yonex SHB-35Z3P', 1950.00, 20, 1, 10, 'Giày cầu lông với thiết kế hiện đại, thoáng khí và có độ bám tốt.'),
  ('Giày Cầu Lông Victor SH-A9610', 1700.00, 24, 1, 8, 'Giày cầu lông với thiết kế thoáng khí, êm ái và bền bỉ.'),
  ('Giày Cầu Lông Lining AYTJ0071', 1750.00, 27, 1, 5, 'Giày cầu lông với công nghệ đế chống trượt, tăng độ bám sân.'),
  ('Giày Cầu Lông Mizuno Wave Stea1th VI', 2000.00, 22, 1, 6, 'Giày cầu lông với thiết kế nhẹ và linh hoạt, mang lại cảm giác thoải mái.'),
  ('Giày Cầu Lông Apacs Jetspeed X1', 1700.00, 25, 1, 2, 'Giày cầu lông với công nghệ đệm cao cấp, hỗ trợ di chuyển tối ưu.'),
   -- Quần Áo Cầu Lông (tiếp tục)
  ('Bộ Quần Áo Cầu Lông Adidas A200', 640.00, 32, 2, 1, 'Bộ quần áo cầu lông với công nghệ hiện đại, tăng hiệu suất vận động.'),
  ('Áo Cầu Lông Yonex 10385EX', 580.00, 34, 2, 10, 'Áo cầu lông với chất liệu thoáng khí, co giãn tốt, mang lại cảm giác thoải mái.'),
  ('Quần Cầu Lông Victor R-12000', 500.00, 38, 2, 8, 'Quần cầu lông với thiết kế linh hoạt, giúp người chơi di chuyển dễ dàng.'),
  ('Áo Quần Cầu Lông Lining AAYM015-6', 660.00, 36, 2, 5, 'Bộ quần áo chơi cầu lông chất lượng cao, thoáng mát và co giãn tốt.'),
  ('Áo Cầu Lông Mizuno 73CL8A0116', 620.00, 29, 2, 6, 'Áo cầu lông với thiết kế tối ưu, giúp người chơi luôn cảm thấy thoải mái.'),
  ('Quần Cầu Lông Apacs AP-304', 540.00, 40, 2, 2, 'Quần cầu lông với chất liệu co giãn, phù hợp cho mọi hoạt động.'),
  ('Áo Cầu Lông Kawasaki KS-5400', 580.00, 32, 2, 3, 'Áo cầu lông với chất liệu thoáng khí, tạo cảm giác thoải mái khi chơi.'),
  ('Quần Cầu Lông Kumpoo KP-7300', 550.00, 36, 2, 4, 'Quần cầu lông với thiết kế linh hoạt, hỗ trợ di chuyển tốt.'),
  ('Áo Quần Cầu Lông Proace S-3000', 630.00, 27, 2, 7, 'Bộ quần áo cầu lông chất lượng cao, phù hợp cho cả tập luyện và thi đấu.'),
  ('Áo Cầu Lông VNB Ace 600', 560.00, 33, 2, 9, 'Áo cầu lông với thiết kế hiện đại, chất liệu thoáng mát.'),
  ('Bộ Quần Áo Cầu Lông Adidas A300', 660.00, 31, 2, 1, 'Bộ quần áo cầu lông với công nghệ hiện đại, tăng hiệu suất vận động.'),
  ('Áo Cầu Lông Yonex 10387EZ', 590.00, 35, 2, 10, 'Áo cầu lông với chất liệu thoáng khí, co giãn tốt, mang lại cảm giác thoải mái.'),
  ('Quần Cầu Lông Victor R-12100', 520.00, 37, 2, 8, 'Quần cầu lông với thiết kế linh hoạt, giúp người chơi di chuyển dễ dàng.'),
  ('Áo Quần Cầu Lông Lining AAYM015-8', 670.00, 34, 2, 5, 'Bộ quần áo chơi cầu lông chất lượng cao, thoáng mát và co giãn tốt.'),
  ('Áo Cầu Lông Mizuno 73CL8A0118', 630.00, 28, 2, 6, 'Áo cầu lông với thiết kế tối ưu, giúp người chơi luôn cảm thấy thoải mái.'),

  -- Phụ Kiện Cầu Lông
  ('Bao Tay Cầu Lông Yonex AC134', 160.00, 58, 3, 10, 'Bao tay cầu lông chất lượng, giúp tăng độ ma sát khi cầm vợt.'),
  ('Băng Cổ Tay Cầu Lông Victor VT-0121', 85.00, 75, 3, 8, 'Băng cổ tay hỗ trợ và bảo vệ cổ tay khi chơi cầu lông.'),
  ('Tất Cầu Lông Lining ASTC002-2', 55.00, 85, 3, 5, 'Tất cầu lông có độ thấm hút tốt, giúp chân thoải mái khi chơi.'),
  ('Khăn Quấn Tay Cầu Lông Mizuno 73WR8A0110', 42.00, 95, 3, 6, 'Khăn quấn tay giúp hấp thụ mồ hôi, tăng độ bám tay khi cầm vợt.'),
  ('Dây Cầu Lông Apacs AP-DY02', 130.00, 65, 3, 2, 'Dây cầu lông chất lượng, độ bền cao, dễ dàng thay thế.'),
  ('Bao Tay Cầu Lông Kawasaki KG-202', 170.00, 52, 3, 3, 'Bao tay cầu lông với chất liệu cao cấp, tăng độ ma sát khi cầm vợt.'),
  ('Băng Cổ Tay Cầu Lông Kumpoo KW-002', 95.00, 70, 3, 4, 'Băng cổ tay hỗ trợ và bảo vệ cổ tay, giúp người chơi thoải mái.'),
  ('Tất Cầu Lông Proace ST-101', 65.00, 80, 3, 7, 'Tất cầu lông thoáng khí, hút ẩm tốt, mang lại cảm giác thoải mái.');

--vouchers
INSERT INTO VOUCHERS (NAME, DAY_START, DAY_OFF, PERCENT_OFF, AMOUNT, PRODUCT_ID) VALUES
('Voucher A', '2024-01-01', '2024-01-31', 20, 100, 2),
('Voucher B', '2024-02-01', '2024-02-28', 15, 200, 5),
('Voucher C', '2024-03-01', '2024-03-31', 25, 150, 10),
('Voucher D', '2024-04-01', '2024-04-30', 30, 300, 12),
('Voucher E', '2024-05-01', '2024-05-31', 35, 250, 20),
('Voucher F', '2024-06-01', '2024-06-30', 40, 400, 22),
('Voucher G', '2024-07-01', '2024-07-31', 45, 350, 30),
('Voucher H', '2024-08-01', '2024-08-31', 50, 500, 35),
('Voucher I', '2024-09-01', '2024-09-30', 55, 450, 40),
('Voucher J', '2024-10-01', '2024-10-31', 60, 600, 50),
('Voucher K', '2024-11-01', '2024-11-30', 20, 100, 60),
('Voucher L', '2024-12-01', '2024-12-31', 25, 200, 70),
('Voucher M', '2024-01-01', '2024-01-31', 30, 150, 80),
('Voucher N', '2024-02-01', '2024-02-28', 35, 250, 90),
('Voucher O', '2024-03-01', '2024-03-31', 40, 300, 100),
('Voucher P', '2024-04-01', '2024-04-30', 45, 350, 110),
('Voucher Q', '2024-05-01', '2024-05-31', 50, 400, 120),
('Voucher R', '2024-06-01', '2024-06-30', 55, 450, 130),
('Voucher S', '2024-07-01', '2024-07-31', 60, 500, 140),
('Voucher T', '2024-08-01', '2024-08-31', 65, 550, 150),
('Voucher U', '2024-09-01', '2024-09-30', 20, 100, 160),
('Voucher V', '2024-10-01', '2024-10-31', 25, 200, 170),
('Voucher W', '2024-11-01', '2024-11-30', 30, 150, 180),
('Voucher X', '2024-12-01', '2024-12-31', 35, 250, 190),
('Voucher Y', '2024-01-01', '2024-01-31', 40, 300, 200),
('Voucher Z', '2024-02-01', '2024-02-28', 45, 350, 2),
('Voucher AA', '2024-03-01', '2024-03-31', 50, 400, 5),
('Voucher BB', '2024-04-01', '2024-04-30', 55, 450, 10),
('Voucher CC', '2024-05-01', '2024-05-31', 60, 500, 12),
('Voucher DD', '2024-06-01', '2024-06-30', 20, 100, 20),
('Voucher EE', '2024-07-01', '2024-07-31', 25, 200, 22),
('Voucher FF', '2024-08-01', '2024-08-31', 30, 150, 30),
('Voucher GG', '2024-09-01', '2024-09-30', 35, 250, 35),
('Voucher HH', '2024-10-01', '2024-10-31', 40, 300, 40),
('Voucher II', '2024-11-01', '2024-11-30', 45, 350, 50),
('Voucher JJ', '2024-12-01', '2024-12-31', 50, 400, 60),
('Voucher KK', '2024-01-01', '2024-01-31', 55, 450, 70),
('Voucher LL', '2024-02-01', '2024-02-28', 60, 500, 80),
('Voucher MM', '2024-03-01', '2024-03-31', 20, 100, 90),
('Voucher NN', '2024-04-01', '2024-04-30', 25, 200, 100),
('Voucher OO', '2024-05-01', '2024-05-31', 30, 150, 110),
('Voucher PP', '2024-06-01', '2024-06-30', 35, 250, 120),
('Voucher QQ', '2024-07-01', '2024-07-31', 40, 300, 130),
('Voucher RR', '2024-08-01', '2024-08-31', 45, 350, 140),
('Voucher SS', '2024-09-01', '2024-09-30', 50, 400, 150),
('Voucher TT', '2024-10-01', '2024-10-31', 55, 450, 160),
('Voucher UU', '2024-11-01', '2024-11-30', 60, 500, 170),
('Voucher VV', '2024-12-01', '2024-12-31', 20, 100, 180),
('Voucher WW', '2024-01-01', '2024-01-31', 25, 200, 190),
('Voucher XX', '2024-02-01', '2024-02-28', 30, 150, 200),
('Voucher YY', '2024-03-01', '2024-03-31', 35, 250, 2),
('Voucher ZZ', '2024-04-01', '2024-04-30', 40, 300, 5),
('Voucher AAA', '2024-05-01', '2024-05-31', 45, 350, 10),
('Voucher BBB', '2024-06-01', '2024-06-30', 50, 400, 12),
('Voucher CCC', '2024-07-01', '2024-07-31', 55, 450, 20),
('Voucher DDD', '2024-08-01', '2024-08-31', 60, 500, 22),
('Voucher EEE', '2024-09-01', '2024-09-30', 20, 100, 30),
('Voucher FFF', '2024-10-01', '2024-10-31', 25, 200, 35),
('Voucher GGG', '2024-11-01', '2024-11-30', 30, 150, 40),
('Voucher HHH', '2024-12-01', '2024-12-31', 35, 250, 50);


-- Inserting  data into the CITIES table
INSERT INTO CITIES (CITY_ID, CITY_NAME) VALUES
(1, 'Hồ Chí Minh'),
(2, 'Đà Nẵng'),
(3, 'Hải Phòng'),
(4, 'Cần Thơ'),
(5, 'Hải Dương'),
(6, 'Hà Nội'),
(7, 'Nha Trang'),
(8, 'Vũng Tàu'),
(9, 'Huế'),
(10, 'Hà Giang'),
(11, 'Bắc Ninh'),
(12, 'Đà Lạt'),
(13, 'Quy Nhơn'),
(14, 'Buôn Ma Thuột'),
(15, 'Thái Nguyên'),
(16, 'Vinh'),
(17, 'Tam Kỳ'),
(18, 'Pleiku'),
(19, 'Bạc Liêu'),
(20, 'Vĩnh Yên'),
(21, 'Cà Mau'),
(22, 'Lào Cai'),
(23, 'Thanh Hóa'),
(24, 'Quảng Ngãi'),
(25, 'Ninh Bình'),
(26, 'Vĩnh Long'),
(27, 'Đồng Hới'),
(28, 'Bắc Giang'),
(29, 'Hạ Long'),
(30, 'Tây Ninh'),
(31, 'Bến Tre'),
(32, 'Biên Hòa'),
(33, 'Cao Lãnh'),
(34, 'Điện Biên Phủ'),
(35, 'Hòa Bình'),
(36, 'Hưng Yên'),
(37, 'Kon Tum'),
(38, 'Lạng Sơn'),
(39, 'Lào Cai'),
(40, 'Long Xuyên'),
(41, 'Móng Cái'),
(42, 'Nam Định'),
(43, 'Phan Rang - Tháp Chàm'),
(44, 'Phan Thiết'),
(45, 'Rạch Giá'),
(46, 'Sơn La'),
(47, 'Tân An'),
(48, 'Thái Bình'),
(49, 'Tuyên Quang'),
(50, 'Tuy Hòa'),
(51, 'Uông Bí'),
(52, 'Việt Trì'),
(53, 'Vĩnh Long'),
(54, 'Yên Bái'),
(55, 'Thủ Dầu Một'),
(56, 'Sa Đéc'),
(57, 'Bắc Kạn'),
(58, 'Thái Nguyên'),
(59, 'Hưng Yên'),
(60, 'Phủ Lý'),
(61, 'Bình Định'),
(62, 'Phú Quốc'),
(63, 'Hội An');

INSERT INTO ADDRESSES (ADDRESS, DISTRICT, CITY_ID, POSTAL_CODE, ADDRESS_ID) VALUES
('Số 10, Đường Trần Hưng Đạo', 'Quận 1', 1, '700000', 1),
('25 Lê Duẩn', 'Quận Hải Châu', 2, '550000', 2),
('123 Lê Lợi', 'Quận Ngô Quyền', 3, '410000', 3),
('456 Cách Mạng Tháng 8', 'Quận Ninh Kiều', 4, '900000', 4),
('789 Lê Thánh Tôn', 'Quận Ngô Quyền', 3, '420000', 5),
('Số 20, Đường Lê Lai', 'Quận 2', 6, '800000', 6),
('54 Lê Lợi', 'Quận Thanh Khê', 7, '450000', 7),
('321 Lê Hồng Phong', 'Quận Lê Chân', 8, '350000', 8),
('789 Lê Lai', 'Quận Ninh Kiều', 9, '950000', 9),
('456 Lê Hồng Phong', 'Quận Hồng Bàng', 10, '460000', 10),
('Số 20, Đường Lê Lai', 'Quận 2', 6, '800000', 11),
('54 Lê Lợi', 'Quận Thanh Khê', 7, '450000', 12),
('321 Lê Hồng Phong', 'Quận Lê Chân', 8, '350000', 13),
('789 Lê Lai', 'Quận Ninh Kiều', 9, '950000', 14),
('456 Lê Hồng Phong', 'Quận Hồng Bàng', 10, '460000', 15),
('12 Lê Văn Sỹ', 'Quận Phú Nhuận', 11, '210000', 16),
('34 Nguyễn Văn Đậu', 'Quận Bình Thạnh', 12, '220000', 17),
('67 Lê Quang Đạo', 'Quận 1', 13, '230000', 18),
('89 Nguyễn Đình Chiểu', 'Quận 3', 14, '240000', 19),
('54 Lê Thị Riêng', 'Quận 5', 15, '250000', 20),
('76 Tôn Đức Thắng', 'Quận 10', 16, '260000', 21),
('98 Trường Chinh', 'Quận Gò Vấp', 17, '270000', 22),
('32 Nguyễn Ái Quốc', 'Quận Thủ Đức', 18, '280000', 23),
('14 Nguyễn Văn Linh', 'Quận 7', 19, '290000', 24),
('56 Lê Văn Việt', 'Quận 9', 20, '300000', 25),
('78 Hoàng Diệu', 'Quận 2', 21, '310000', 26),
('90 Nguyễn Hữu Cảnh', 'Quận Bình Thạnh', 22, '320000', 27),
('22 Lê Duẩn', 'Quận 1', 23, '330000', 28),
('44 Phan Đình Phùng', 'Quận Phú Nhuận', 24, '340000', 29),
('66 Trần Quang Khải', 'Quận 1', 25, '350000', 30),
('88 Nguyễn Thị Minh Khai', 'Quận 3', 26, '360000', 31),
('11 Đinh Tiên Hoàng', 'Quận 1', 27, '370000', 32),
('33 Nguyễn Huệ', 'Quận 1', 28, '380000', 33),
('55 Pasteur', 'Quận 3', 29, '390000', 34),
('77 Hai Bà Trưng', 'Quận 1', 30, '400000', 35),
('99 Lê Lợi', 'Quận 1', 31, '410000', 36),
('13 Nguyễn Du', 'Quận 1', 32, '420000', 37),
('35 Võ Văn Tần', 'Quận 3', 33, '430000', 38),
('57 Nguyễn Thái Bình', 'Quận 1', 34, '440000', 39),
('79 Trần Hưng Đạo', 'Quận 5', 35, '450000', 40),
('91 Nguyễn Văn Trỗi', 'Quận Phú Nhuận', 36, '460000', 41),
('23 Điện Biên Phủ', 'Quận Bình Thạnh', 37, '470000', 42),
('45 Nguyễn Văn Cừ', 'Quận 1', 38, '480000', 43),
('67 Nguyễn Thị Minh Khai', 'Quận 3', 39, '490000', 44),
('89 Lê Lợi', 'Quận 1', 40, '500000', 45),
('12 Hoàng Diệu', 'Quận 4', 41, '510000', 46),
('34 Võ Thị Sáu', 'Quận 3', 42, '520000', 47),
('67 Nguyễn Chí Thanh', 'Quận 5', 43, '530000', 48),
('89 Lê Văn Sỹ', 'Quận Phú Nhuận', 44, '540000', 49),
('54 Cộng Hòa', 'Quận Tân Bình', 45, '550000', 50),
('76 Trường Chinh', 'Quận Gò Vấp', 46, '560000', 51),
('98 Lê Văn Việt', 'Quận 9', 47, '570000', 52),
('32 Hoàng Văn Thụ', 'Quận Tân Bình', 48, '580000', 53),
('14 Nguyễn Văn Cừ', 'Quận 5', 49, '590000', 54),
('56 Lê Duẩn', 'Quận 1', 50, '600000', 55),
('78 Nguyễn Ái Quốc', 'Quận Gò Vấp', 51, '610000', 56),
('90 Lê Văn Việt', 'Quận 9', 52, '620000', 57),
('21 Lê Văn Sỹ', 'Quận Phú Nhuận', 53, '630000', 58),
('43 Nguyễn Văn Đậu', 'Quận Bình Thạnh', 54, '640000', 59),
('65 Lê Quang Đạo', 'Quận 1', 55, '650000', 60),
('87 Nguyễn Đình Chiểu', 'Quận 3', 56, '660000', 61),
('09 Lê Thị Riêng', 'Quận 5', 57, '670000', 62),
('31 Tôn Đức Thắng', 'Quận 10', 58, '680000', 63),
('53 Trường Chinh', 'Quận Gò Vấp', 59, '690000', 64),
('75 Nguyễn Ái Quốc', 'Quận Thủ Đức', 60, '700000', 65),
('97 Nguyễn Văn Linh', 'Quận 7', 61, '710000', 66),
('18 Lê Văn Việt', 'Quận 9', 62, '720000', 67),
('40 Hoàng Diệu', 'Quận 2', 22, '730000', 68),
('62 Nguyễn Hữu Cảnh', 'Quận Bình Thạnh', 41, '740000', 69),
('84 Lê Duẩn', 'Quận 1', 3, '750000', 70),
('06 Phan Đình Phùng', 'Quận Phú Nhuận', 57, '760000', 71),
('28 Trần Quang Khải', 'Quận 1', 3, '770000', 72),
('50 Nguyễn Thị Minh Khai', 'Quận 3', 13, '780000', 73),
('72 Đinh Tiên Hoàng', 'Quận 1', 3, '790000', 74),
('94 Nguyễn Huệ', 'Quận 1', 3, '800000', 75),
('15 Pasteur', 'Quận 3', 13, '810000', 76),
('37 Hai Bà Trưng', 'Quận 1', 3, '820000', 77),
('59 Lê Lợi', 'Quận 1', 3, '830000', 78),
('81 Nguyễn Du', 'Quận 1', 3, '840000', 79),
('02 Võ Văn Tần', 'Quận 3', 13, '850000', 80),
('24 Nguyễn Thái Bình', 'Quận 1', 3, '860000', 81),
('46 Trần Hưng Đạo', 'Quận 5', 29, '870000', 82),
('68 Nguyễn Văn Trỗi', 'Quận Phú Nhuận', 57, '880000', 83),
('90 Điện Biên Phủ', 'Quận Bình Thạnh', 41, '890000', 84),
('11 Nguyễn Văn Cừ', 'Quận 1', 3, '900000', 85),
('33 Nguyễn Thị Minh Khai', 'Quận 3', 13, '910000', 86),
('55 Lê Lợi', 'Quận 1', 3, '920000', 87),
('77 Hoàng Diệu', 'Quận 4', 26, '930000', 88),
('99 Võ Thị Sáu', 'Quận 3', 13, '940000', 89),
('20 Nguyễn Chí Thanh', 'Quận 5', 29, '950000', 90),
('42 Lê Văn Sỹ', 'Quận Phú Nhuận', 57, '960000', 91),
('64 Cộng Hòa', 'Quận Tân Bình', 38, '970000', 92),
('86 Trường Chinh', 'Quận Gò Vấp', 45, '980000', 93),
('08 Lê Văn Việt', 'Quận 9', 47, '990000', 94),
('30 Hoàng Văn Thụ', 'Quận Tân Bình', 38, '1000000', 95),
('52 Nguyễn Văn Cừ', 'Quận 5', 29, '1010000', 96),
('74 Trường Chinh', 'Quận 12', 48, '1020000', 97),
('96 Nguyễn Ái Quốc', 'Quận Gò Vấp', 45, '1030000', 98),
('17 Lê Văn Việt', 'Quận 9', 47, '1040000', 99),
('39 Lê Văn Sỹ', 'Quận Phú Nhuận', 57, '1050000', 100),
('61 Nguyễn Văn Đậu', 'Quận Bình Thạnh', 41, '1060000', 101),
('83 Lê Quang Đạo', 'Quận 1', 3, '1070000', 102),
('05 Nguyễn Đình Chiểu', 'Quận 3', 13, '1080000', 103),
('27 Lê Thị Riêng', 'Quận 5', 29, '1090000', 104),
('49 Tôn Đức Thắng', 'Quận 10', 51, '1100000', 105),
('71 Trường Chinh', 'Quận Gò Vấp', 45, '1110000', 106),
('93 Cộng Hòa', 'Quận Tân Bình', 38, '1120000', 107),
('15 Nguyễn Ái Quốc', 'Quận Gò Vấp', 45, '1130000', 108),
('90 Nguyễn Ái Quốc', 'Quận Thủ Đức', 38, '700000', 109),
('97 Nguyễn Văn Linh', 'Quận 7', 39, '710000', 110),
('18 Lê Văn Việt', 'Quận 9', 40, '720000', 111),
('40 Hoàng Diệu', 'Quận 2', 41, '730000', 112),
('62 Nguyễn Hữu Cảnh', 'Quận Bình Thạnh', 42, '740000', 113),
('84 Lê Duẩn', 'Quận 1', 43, '750000', 114),
('06 Phan Đình Phùng', 'Quận Phú Nhuận', 44, '760000', 115),
('28 Trần Quang Khải', 'Quận 1', 45, '770000', 116),
('50 Nguyễn Thị Minh Khai', 'Quận 3', 46, '780000', 117),
('72 Đinh Tiên Hoàng', 'Quận 1', 47, '790000', 118),
('94 Nguyễn Huệ', 'Quận 1', 48, '800000', 119),
('16 Pasteur', 'Quận 3', 49, '810000', 120),
('38 Hai Bà Trưng', 'Quận 1', 50, '820000', 121),
('60 Lê Lợi', 'Quận 1', 51, '830000', 122),
('82 Nguyễn Du', 'Quận 1', 52, '840000', 123),
('04 Võ Văn Tần', 'Quận 3', 53, '850000', 124),
('26 Nguyễn Thái Bình', 'Quận 1', 54, '860000', 125),
('48 Trần Hưng Đạo', 'Quận 5', 55, '870000', 126),
('70 Nguyễn Văn Trỗi', 'Quận Phú Nhuận', 56, '880000', 127),
('92 Điện Biên Phủ', 'Quận Bình Thạnh', 57, '890000', 128),
('14 Nguyễn Chí Thanh', 'Quận 10', 58, '900000', 129),
('130 Nguyễn Đình Chiểu', 'Quận 3', 13, '1310000', 130),
('142 Lê Thị Riêng', 'Quận 5', 29, '1320000', 131),
('154 Tôn Đức Thắng', 'Quận 10', 51, '1330000', 132),
('166 Trường Chinh', 'Quận Gò Vấp', 45, '1340000', 133),
('131 Cộng Hòa', 'Quận Tân Bình', 38, '1350000', 134),
('143 Nguyễn Ái Quốc', 'Quận Gò Vấp', 45, '1360000', 135),
('155 Lê Văn Việt', 'Quận 9', 47, '1370000', 136),
('132 Lê Văn Sỹ', 'Quận Phú Nhuận', 57, '1380000', 137),
('144 Nguyễn Văn Đậu', 'Quận Bình Thạnh', 41, '1390000', 138),
('156 Lê Quang Đạo', 'Quận 1', 3, '1400000', 139),
('133 Nguyễn Đình Chiểu', 'Quận 3', 13, '1410000', 140),
('145 Lê Thị Riêng', 'Quận 5', 29, '1420000', 141),
('157 Tôn Đức Thắng', 'Quận 10', 51, '1430000', 142),
('134 Trường Chinh', 'Quận Gò Vấp', 45, '1440000', 143),
('146 Cộng Hòa', 'Quận Tân Bình', 38, '1450000', 144),
('158 Nguyễn Ái Quốc', 'Quận Gò Vấp', 45, '1460000', 145),
('135 Lê Văn Việt', 'Quận 9', 47, '1470000', 146),
('147 Lê Văn Sỹ', 'Quận Phú Nhuận', 57, '1480000', 147),
('159 Nguyễn Văn Đậu', 'Quận Bình Thạnh', 41, '1490000', 148),
('136 Lê Quang Đạo', 'Quận 1', 3, '1500000', 149),
('148 Nguyễn Đình Chiểu', 'Quận 3', 13, '1510000', 150),
('160 Lê Thị Riêng', 'Quận 5', 29, '1520000', 151),
('137 Tôn Đức Thắng', 'Quận 10', 51, '1530000', 152),
('149 Trường Chinh', 'Quận Gò Vấp', 45, '1540000', 153),
('161 Cộng Hòa', 'Quận Tân Bình', 38, '1550000', 154),
('138 Nguyễn Ái Quốc', 'Quận Gò Vấp', 45, '1560000', 155),
('150 Lê Văn Việt', 'Quận 9', 47, '1570000', 156),
('162 Lê Văn Sỹ', 'Quận Phú Nhuận', 57, '1580000', 157),
('139 Nguyễn Văn Đậu', 'Quận Bình Thạnh', 41, '1590000', 158),
('151 Lê Quang Đạo', 'Quận 1', 3, '1600000', 159),
('163 Nguyễn Đình Chiểu', 'Quận 3', 13, '1610000', 160),
('140 Lê Thị Riêng', 'Quận 5', 29, '1620000', 161),
('152 Tôn Đức Thắng', 'Quận 10', 51, '1630000', 162),
('164 Trường Chinh', 'Quận Gò Vấp', 45, '1640000', 163),
('141 Cộng Hòa', 'Quận Tân Bình', 38, '1650000', 164),
('153 Nguyễn Ái Quốc', 'Quận Gò Vấp', 45, '1660000', 165),
('165 Lê Văn Việt', 'Quận 9', 47, '1670000', 166),
('115 Nguyễn Đình Chiểu', 'Quận 3', 13, '1190000', 167),
('137 Lê Thị Riêng', 'Quận 5', 29, '1200000', 168),
('159 Tôn Đức Thắng', 'Quận 10', 51, '1210000', 169),
('181 Trường Chinh', 'Quận Gò Vấp', 45, '1220000', 170),
('203 Cộng Hòa', 'Quận Tân Bình', 38, '1230000', 171),
('225 Nguyễn Ái Quốc', 'Quận Gò Vấp', 45, '1240000', 172),
('247 Lê Văn Việt', 'Quận 9', 47, '1250000', 173),
('269 Lê Văn Sỹ', 'Quận Phú Nhuận', 57, '1260000', 174),
('291 Nguyễn Văn Đậu', 'Quận Bình Thạnh', 41, '1270000', 175),
('116 Lê Quang Đạo', 'Quận 1', 3, '1280000', 176),
('138 Nguyễn Đình Chiểu', 'Quận 3', 13, '1290000', 177),
('160 Lê Thị Riêng', 'Quận 5', 29, '1300000', 178),
('182 Tôn Đức Thắng', 'Quận 10', 51, '1310000', 179),
('204 Trường Chinh', 'Quận Gò Vấp', 45, '1320000', 180),
('226 Cộng Hòa', 'Quận Tân Bình', 38, '1330000', 181),
('248 Nguyễn Ái Quốc', 'Quận Gò Vấp', 45, '1340000', 182),
('270 Lê Văn Việt', 'Quận 9', 47, '1350000', 183),
('292 Lê Văn Sỹ', 'Quận Phú Nhuận', 57, '1360000', 184),
('117 Nguyễn Văn Đậu', 'Quận Bình Thạnh', 41, '1370000', 185),
('139 Lê Quang Đạo', 'Quận 1', 3, '1380000', 186),
('161 Nguyễn Đình Chiểu', 'Quận 3', 13, '1390000', 187),
('183 Lê Thị Riêng', 'Quận 5', 29, '1400000', 188),
('205 Tôn Đức Thắng', 'Quận 10', 51, '1410000', 189),
('227 Trường Chinh', 'Quận Gò Vấp', 45, '1420000', 190),
('249 Cộng Hòa', 'Quận Tân Bình', 38, '1430000', 191),
('271 Nguyễn Ái Quốc', 'Quận Gò Vấp', 45, '1440000', 192),
('293 Lê Văn Việt', 'Quận 9', 47, '1450000', 193),
('118 Lê Văn Sỹ', 'Quận Phú Nhuận', 57, '1460000', 194),
('140 Nguyễn Văn Đậu', 'Quận Bình Thạnh', 41, '1470000', 195),
('162 Lê Quang Đạo', 'Quận 1', 3, '1480000', 196),
('184 Nguyễn Đình Chiểu', 'Quận 3', 13, '1490000', 197),
('206 Lê Thị Riêng', 'Quận 5', 29, '1500000', 198),
('228 Tôn Đức Thắng', 'Quận 10', 51, '1510000', 199),
('250 Trường Chinh', 'Quận Gò Vấp', 45, '1520000', 200),
('272 Cộng Hòa', 'Quận Tân Bình', 38, '1530000', 201),
('294 Nguyễn Ái Quốc', 'Quận Gò Vấp', 45, '1540000', 202),
('119 Lê Văn Việt', 'Quận 9', 47, '1550000', 203),
('141 Lê Văn Sỹ', 'Quận Phú Nhuận', 57, '1560000', 204),
('163 Nguyễn Văn Đậu', 'Quận Bình Thạnh', 41, '1570000', 205),
('185 Lê Quang Đạo', 'Quận 1', 3, '1580000', 206),
('207 Nguyễn Đình Chiểu', 'Quận 3', 13, '1590000', 207),
('229 Lê Thị Riêng', 'Quận 5', 29, '1600000', 208),
('251 Tôn Đức Thắng', 'Quận 10', 51, '1610000', 209),
('273 Trường Chinh', 'Quận Gò Vấp', 45, '1620000', 210),
('295 Cộng Hòa', 'Quận Tân Bình', 38, '1630000', 211),
('120 Nguyễn Ái Quốc', 'Quận Gò Vấp', 45, '1640000', 212),
('142 Lê Văn Việt', 'Quận 9', 47, '1650000', 213),
('164 Lê Văn Sỹ', 'Quận Phú Nhuận', 57, '1660000', 214),
('186 Nguyễn Văn Đậu', 'Quận Bình Thạnh', 41, '1670000', 215),
('208 Lê Quang Đạo', 'Quận 1', 3, '1680000', 216),
('230 Nguyễn Đình Chiểu', 'Quận 3', 13, '1690000', 217),
('252 Lê Thị Riêng', 'Quận 5', 29, '1700000', 218),
('219 Nguyễn Đình Chiểu', 'Quận 3', 13, '1240000', 219),
('241 Lê Thị Riêng', 'Quận 5', 29, '1250000', 220),
('263 Tôn Đức Thắng', 'Quận 10', 51, '1260000', 221),
('285 Trường Chinh', 'Quận Gò Vấp', 45, '1270000', 222),
('220 Cộng Hòa', 'Quận Tân Bình', 38, '1280000', 223),
('242 Nguyễn Ái Quốc', 'Quận Gò Vấp', 45, '1290000', 224),
('264 Lê Văn Việt', 'Quận 9', 47, '1300000', 225),
('286 Lê Văn Sỹ', 'Quận Phú Nhuận', 57, '1310000', 226),
('221 Nguyễn Văn Đậu', 'Quận Bình Thạnh', 41, '1320000', 227),
('243 Lê Quang Đạo', 'Quận 1', 3, '1330000', 228),
('265 Nguyễn Đình Chiểu', 'Quận 3', 13, '1340000', 229),
('287 Lê Thị Riêng', 'Quận 5', 29, '1350000', 230),
('222 Tôn Đức Thắng', 'Quận 10', 51, '1360000', 231),
('244 Trường Chinh', 'Quận Gò Vấp', 45, '1370000', 232),
('266 Cộng Hòa', 'Quận Tân Bình', 38, '1380000', 233),
('288 Nguyễn Ái Quốc', 'Quận Gò Vấp', 45, '1390000', 234),
('223 Lê Văn Việt', 'Quận 9', 47, '1400000', 235),
('245 Lê Văn Sỹ', 'Quận Phú Nhuận', 57, '1410000', 236),
('267 Nguyễn Văn Đậu', 'Quận Bình Thạnh', 41, '1420000', 237),
('289 Lê Quang Đạo', 'Quận 1', 3, '1430000', 238),
('224 Nguyễn Đình Chiểu', 'Quận 3', 13, '1440000', 239),
('246 Lê Thị Riêng', 'Quận 5', 29, '1450000', 240),
('268 Tôn Đức Thắng', 'Quận 10', 51, '1460000', 241),
('290 Trường Chinh', 'Quận Gò Vấp', 45, '1470000', 242),
('225 Cộng Hòa', 'Quận Tân Bình', 38, '1480000', 243),
('247 Nguyễn Ái Quốc', 'Quận Gò Vấp', 45, '1490000', 244),
('269 Lê Văn Việt', 'Quận 9', 47, '1500000', 245),
('291 Lê Văn Sỹ', 'Quận Phú Nhuận', 57, '1510000', 246),
('226 Nguyễn Văn Đậu', 'Quận Bình Thạnh', 41, '1520000', 247),
('248 Lê Quang Đạo', 'Quận 1', 3, '1530000', 248),
('270 Nguyễn Đình Chiểu', 'Quận 3', 13, '1540000', 249),
('292 Lê Thị Riêng', 'Quận 5', 29, '1550000', 250),
('227 Tôn Đức Thắng', 'Quận 10', 51, '1560000', 251),
('249 Trường Chinh', 'Quận Gò Vấp', 45, '1570000', 252),
('271 Cộng Hòa', 'Quận Tân Bình', 38, '1580000', 253),
('293 Nguyễn Ái Quốc', 'Quận Gò Vấp', 45, '1590000', 254),
('228 Lê Văn Việt', 'Quận 9', 47, '1600000', 255),
('250 Lê Văn Sỹ', 'Quận Phú Nhuận', 57, '1610000', 256),
('272 Nguyễn Văn Đậu', 'Quận Bình Thạnh', 41, '1620000', 257),
('294 Lê Quang Đạo', 'Quận 1', 3, '1630000', 258),
('229 Nguyễn Đình Chiểu', 'Quận 3', 13, '1640000', 259),
('251 Lê Thị Riêng', 'Quận 5', 29, '1650000', 260),
('273 Tôn Đức Thắng', 'Quận 10', 51, '1660000', 261),
('295 Trường Chinh', 'Quận Gò Vấp', 45, '1670000', 262),
('230 Cộng Hòa', 'Quận Tân Bình', 38, '1680000', 263),
('252 Nguyễn Ái Quốc', 'Quận Gò Vấp', 45, '1690000', 264),
('274 Lê Văn Việt', 'Quận 9', 47, '1700000', 265),
('296 Lê Văn Sỹ', 'Quận Phú Nhuận', 57, '1710000', 266),
('231 Nguyễn Văn Đậu', 'Quận Bình Thạnh', 41, '1720000', 267),
('253 Lê Quang Đạo', 'Quận 1', 3, '1730000', 268),
('275 Nguyễn Đình Chiểu', 'Quận 3', 13, '1740000', 269),
('297 Lê Thị Riêng', 'Quận 5', 29, '1750000', 270);



-- Inserting data into the CUSTOMERS table
INSERT INTO CUSTOMERS (FULL_NAME, PHONE, PASS_WORD, EMAIL, ADDRESS_ID) VALUES
('Trần Thị Mai', '0901234567', 'password1', 'tranmai@example.com', 1),
('Lê Văn Nam', '0912345678', 'password2', 'lennam@example.com', 2),
('Nguyễn Thị Hương', '0923456789', 'password3', 'huongnguyen@example.com', 3),
('Phạm Văn Đức', '0934567890', 'password4', 'phamduc@example.com', 4),
('Hoàng Văn Tuấn', '0945678901', 'password5', 'tuantuan@example.com', 5),
('Trần Văn Bình', '0987654321', 'password6', 'binhtran@example.com', 6),
('Nguyễn Thị Lan', '0976543210', 'password7', 'lannguyen@example.com', 7),
('Lê Văn Hòa', '0965432109', 'password8', 'hoale@example.com', 8),
('Phạm Thị Hà', '0954321098', 'password9', 'hapham@example.com', 9),
('Hoàng Minh Tuấn', '0943210987', 'password10', 'tuantu@example.com', 10),
('Nguyễn Văn A', '0911111111', 'password11', 'nguyenvana@example.com', 11),
('Lê Thị B', '0911222222', 'password12', 'lethib@example.com', 12),
('Trần Văn C', '0911333333', 'password13', 'tranvanc@example.com', 13),
('Hoàng Thị D', '0911444444', 'password14', 'hoangthid@example.com', 14),
('Phạm Văn E', '0911555555', 'password15', 'phamvane@example.com', 15),
('Vũ Thị F', '0911666666', 'password16', 'vuthif@example.com', 16),
('Nguyễn Thị G', '0911777777', 'password17', 'nguyenthig@example.com', 17),
('Lê Văn H', '0911888888', 'password18', 'levanh@example.com', 18),
('Trần Thị I', '0911999999', 'password19', 'tranthi@example.com', 19),
('Hoàng Văn J', '0921111111', 'password20', 'hoangvanj@example.com', 20),
('Phạm Thị K', '0921222222', 'password21', 'phamthik@example.com', 21),
('Vũ Văn L', '0921333333', 'password22', 'vuvanl@example.com', 22),
('Nguyễn Văn M', '0921444444', 'password23', 'nguyenvanm@example.com', 23),
('Lê Thị N', '0921555555', 'password24', 'lethin@example.com', 24),
('Trần Văn O', '0921666666', 'password25', 'tranvano@example.com', 25),
('Hoàng Thị P', '0921777777', 'password26', 'hoangthip@example.com', 26),
('Phạm Văn Q', '0921888888', 'password27', 'phamvanq@example.com', 27),
('Vũ Thị R', '0921999999', 'password28', 'vuthir@example.com', 28),
('Nguyễn Thị S', '0931111111', 'password29', 'nguyenthis@example.com', 29),
('Lê Văn T', '0931222222', 'password30', 'levant@example.com', 30),
('Trần Thị U', '0931333333', 'password31', 'tranthiu@example.com', 31),
('Hoàng Văn V', '0931444444', 'password32', 'hoangvanv@example.com', 32),
('Phạm Thị W', '0931555555', 'password33', 'phamthiw@example.com', 33),
('Vũ Văn X', '0931666666', 'password34', 'vuvanx@example.com', 34),
('Nguyễn Văn Y', '0931777777', 'password35', 'nguyenvany@example.com', 35),
('Lê Thị Z', '0931888888', 'password36', 'lethiz@example.com', 36),
('Trần Văn AA', '0931999999', 'password37', 'tranvanaa@example.com', 37),
('Hoàng Thị BB', '0941111111', 'password38', 'hoangthibb@example.com', 38),
('Phạm Văn CC', '0941222222', 'password39', 'phamvancc@example.com', 39),
('Vũ Thị DD', '0941333333', 'password40', 'vuthidd@example.com', 40),
('Nguyễn Thị EE', '0941444444', 'password41', 'nguyenthiee@example.com', 41),
('Nguyễn Văn Hùng', '0901111111', 'password42', 'nguyenhung@example.com', 42),
('Lê Thị Bích', '0901222222', 'password43', 'lebich@example.com', 43),
('Trần Văn Phú', '0901333333', 'password44', 'tranphu@example.com', 44),
('Hoàng Thị Yến', '0901444444', 'password45', 'hoangyen@example.com', 45),
('Phạm Văn An', '0901555555', 'password46', 'phaman@example.com', 46),
('Vũ Thị Minh', '0901666666', 'password47', 'vuminh@example.com', 47),
('Nguyễn Thị Tuyết', '0901777777', 'password48', 'nguyentuyet@example.com', 48),
('Lê Văn Khoa', '0901888888', 'password49', 'lekhoa@example.com', 49),
('Trần Thị Hoa', '0901999999', 'password50', 'tranhoa@example.com', 50);

INSERT INTO CUSTOMERS (FULL_NAME, PHONE, PASS_WORD, EMAIL, ADDRESS_ID) VALUES
('Nguyễn Văn Anh', '0901111111', 'password211', 'nguyenanh@example.com', 51),
('Lê Thị Bình', '0901222222', 'password212', 'lebinh@example.com', 52),
('Trần Văn Công', '0901333333', 'password213', 'trancong@example.com', 53),
('Hoàng Thị Dương', '0901444444', 'password214', 'hoangduong@example.com', 54),
('Phạm Văn Duyên', '0901555555', 'password215', 'phamduyen@example.com', 55),
('Vũ Thị Giang', '0901666666', 'password216', 'vugiang@example.com', 56),
('Nguyễn Thị Hạnh', '0901777777', 'password217', 'nguyenhanh@example.com', 57),
('Lê Văn Hậu', '0901888888', 'password218', 'lethau@example.com', 58),
('Trần Thị Lan', '0901999999', 'password219', 'tranlan@example.com', 59),
('Hoàng Văn Lợi', '0911111111', 'password220', 'hoangloi@example.com', 60),
('Phạm Thị Mai', '0911222222', 'password221', 'phammai@example.com', 61),
('Vũ Văn Nghĩa', '0911333333', 'password222', 'vunghia@example.com', 62),
('Nguyễn Thị Oanh', '0911444444', 'password223', 'nguyenoanh@example.com', 63),
('Lê Văn Phong', '0911555555', 'password224', 'lephong@example.com', 64),
('Trần Thị Quế', '0911666666', 'password225', 'tranque@example.com', 65),
('Hoàng Văn Sơn', '0911777777', 'password226', 'hoangson@example.com', 66),
('Phạm Thị Tâm', '0911888888', 'password227', 'phamtam@example.com', 67),
('Vũ Văn Thanh', '0911999999', 'password228', 'vuthanh@example.com', 68),
('Nguyễn Thị Uyên', '0921111111', 'password229', 'nguyenuyen@example.com', 69),
('Lê Văn Vượng', '0921222222', 'password230', 'levuong@example.com', 70),
('Trần Thị Xuân', '0921333333', 'password231', 'tranxuan@example.com', 71),
('Hoàng Văn Yên', '0921444444', 'password232', 'hoangyen@example.com', 72),
('Phạm Văn Zú', '0921555555', 'password233', 'phamzu@example.com', 73),
('Vũ Thị Anh', '0921666666', 'password234', 'vuanh@example.com', 74),
('Nguyễn Văn Bảo', '0921777777', 'password235', 'nguyenbao@example.com', 75),
('Lê Thị Cẩm', '0921888888', 'password236', 'lecam@example.com', 76),
('Trần Văn Đông', '0921999999', 'password237', 'trandong@example.com', 77),
('Hoàng Thị Điệp', '0931111111', 'password238', 'hoangdiep@example.com', 78),
('Phạm Văn Đức', '0931222222', 'password239', 'phamduc@example.com', 79),
('Vũ Thị Hà', '0931333333', 'password240', 'vuha@example.com', 80),
('Nguyễn Thị Hằng', '0931444444', 'password241', 'nguyenhang@example.com', 81),
('Lê Văn Hiệp', '0931555555', 'password242', 'lehiep@example.com', 82),
('Trần Thị Huệ', '0931666666', 'password243', 'tranhue@example.com', 83),
('Hoàng Văn Khánh', '0931777777', 'password244', 'hoangkhanh@example.com', 84),
('Phạm Văn Lâm', '0931888888', 'password245', 'phamlam@example.com', 85),
('Vũ Thị Mai', '0931999999', 'password246', 'vumai@example.com', 86),
('Nguyễn Văn Nghĩa', '0941111111', 'password247', 'nguyennghia@example.com', 87),
('Lê Thị Oanh', '0941222222', 'password248', 'leoanh@example.com', 88),
('Trần Văn Phúc', '0941333333', 'password249', 'tranphuc@example.com', 89),
('Hoàng Thị Quyên', '0941444444', 'password250', 'hoangquyen@example.com', 90);

INSERT INTO CUSTOMERS (FULL_NAME, PHONE, PASS_WORD, EMAIL, ADDRESS_ID) VALUES
('Nguyễn Văn Hùng', '0901111111', 'password91', 'nguyenvanhung@example.com', 91),
('Lê Thị Bích', '0901222222', 'password92', 'lebich@example.com', 92),
('Trần Văn Phú', '0901333333', 'password93', 'tranphu@example.com', 93),
('Hoàng Thị Yến', '0901444444', 'password94', 'hoangyen@example.com', 94),
('Phạm Văn An', '0901555555', 'password95', 'phaman@example.com', 95),
('Vũ Thị Minh', '0901666666', 'password96', 'vuminh@example.com', 96),
('Nguyễn Thị Tuyết', '0901777777', 'password97', 'nguyentuyet@example.com', 97),
('Lê Văn Khoa', '0901888888', 'password98', 'lekhoa@example.com', 98),
('Trần Thị Hoa', '0901999999', 'password99', 'tranhoa@example.com', 99),
('Hoàng Văn Hiếu', '0911111111', 'password100', 'hoanghieu@example.com', 100),
('Phạm Thị Thanh', '0911222222', 'password101', 'phamthanh@example.com', 101),
('Vũ Văn Trung', '0911333333', 'password102', 'vutrung@example.com', 102),
('Nguyễn Thị Phượng', '0911444444', 'password103', 'nguyenphuong@example.com', 103),
('Lê Văn Đạt', '0911555555', 'password104', 'ledat@example.com', 104),
('Trần Thị Thùy', '0911666666', 'password105', 'tranthuy@example.com', 105),
('Hoàng Văn Khôi', '0911777777', 'password106', 'hoangkhoi@example.com', 106),
('Phạm Thị Loan', '0911888888', 'password107', 'phamloan@example.com', 107),
('Vũ Văn Thắng', '0911999999', 'password108', 'vuthang@example.com', 108),
('Nguyễn Văn Phúc', '0921111111', 'password109', 'nguyenphuc@example.com', 109),
('Lê Thị Hạnh', '0921222222', 'password110', 'lehanh@example.com', 110),
('Trần Văn Dũng', '0921333333', 'password111', 'trandung@example.com', 111),
('Hoàng Thị Lan', '0921444444', 'password112', 'hoanglan@example.com', 112),
('Phạm Văn Quân', '0921555555', 'password113', 'phamquan@example.com', 113),
('Vũ Thị Hải', '0921666666', 'password114', 'vuhai@example.com', 114),
('Nguyễn Văn Cường', '0921777777', 'password115', 'nguyencuong@example.com', 115),
('Lê Thị Phương', '0921888888', 'password116', 'lephuong@example.com', 116),
('Trần Văn Hậu', '0921999999', 'password117', 'tranhau@example.com', 117),
('Hoàng Thị Nhung', '0931111111', 'password118', 'hoangnhung@example.com', 118),
('Phạm Văn Hoàng', '0931222222', 'password119', 'phamhoang@example.com', 119),
('Vũ Thị Ngọc', '0931333333', 'password120', 'vungoc@example.com', 120),
('Nguyễn Thị Bình', '0931444444', 'password121', 'nguyenbinh@example.com', 121),
('Lê Văn Thiện', '0931555555', 'password122', 'lethien@example.com', 122),
('Trần Thị Huyền', '0931666666', 'password123', 'tranhuyen@example.com', 123),
('Hoàng Văn Hòa', '0931777777', 'password124', 'hoanghoa@example.com', 124),
('Phạm Thị Nga', '0931888888', 'password125', 'phamnga@example.com', 125),
('Vũ Văn Tâm', '0931999999', 'password126', 'vutam@example.com', 126);

INSERT INTO CUSTOMERS (FULL_NAME, PHONE, PASS_WORD, EMAIL, ADDRESS_ID) VALUES
('Nguyễn Văn Lâm', '0941111111', 'password127', 'nguyenlam@example.com', 127),
('Lê Thị Mai', '0941222222', 'password128', 'lemai@example.com', 128),
('Trần Văn Lợi', '0941333333', 'password129', 'tranloi@example.com', 129),
('Hoàng Thị Thu', '0941444444', 'password130', 'hoangthu@example.com', 130);

INSERT INTO CUSTOMERS (FULL_NAME, PHONE, PASS_WORD, EMAIL, ADDRESS_ID) VALUES
('Nguyễn Thị Hương', '0941555555', 'password131', 'huongnguyen@example.com', 131),
('Phạm Văn Đức', '0941666666', 'password132', 'phamduc@example.com', 132),
('Nguyễn Thị Thanh', '0941777777', 'password133', 'nguyenthanh@example.com', 133),
('Trần Văn Nam', '0941888888', 'password134', 'trannam@example.com', 134),
('Lê Thị Hà', '0941999999', 'password135', 'leha@example.com', 135),
('Hoàng Văn Quân', '0942000000', 'password136', 'hoangquan@example.com', 136),
('Nguyễn Thị Trang', '0942111111', 'password137', 'trangnguyen@example.com', 137),
('Lê Văn Tuấn', '0942222222', 'password138', 'letuan@example.com', 138),
('Phạm Thị Loan', '0942333333', 'password139', 'phamloan@example.com', 139),
('Trần Văn Hải', '0942444444', 'password140', 'tranhai@example.com', 140),
('Nguyễn Văn Long', '0942555555', 'password141', 'nguyenlong@example.com', 141),
('Lê Thị Thảo', '0942666666', 'password142', 'lethao@example.com', 142),
('Phạm Văn Sơn', '0942777777', 'password143', 'phamson@example.com', 143),
('Nguyễn Thị Hường', '0942888888', 'password144', 'huongnguyen@example.com', 144),
('Trần Văn Phúc', '0942999999', 'password145', 'tranphuc@example.com', 145),
('Lê Thị Lan', '0943000000', 'password146', 'lelan@example.com', 146),
('Hoàng Văn Đạt', '0943111111', 'password147', 'hoangdat@example.com', 147),
('Nguyễn Văn Dũng', '0943222222', 'password148', 'nguyendung@example.com', 148),
('Lê Thị Hương', '0943333333', 'password149', 'lehuong@example.com', 149),
('Phạm Văn Hoàng', '0943444444', 'password150', 'phamhoang@example.com', 150),
('Nguyễn Thị Hạnh', '0943555555', 'password151', 'nguyenhanh@example.com', 151),
('Trần Văn Tú', '0943666666', 'password152', 'trantu@example.com', 152),
('Lê Thị Ngọc', '0943777777', 'password153', 'lengoc@example.com', 153),
('Phạm Văn An', '0943888888', 'password154', 'phaman@example.com', 154),
('Nguyễn Thị Hoa', '0943999999', 'password155', 'nguyenhoa@example.com', 155),
('Trần Văn Hòa', '0944000000', 'password156', 'tranhoa@example.com', 156),
('Lê Văn Hải', '0944111111', 'password157', 'lehail@example.com', 157),
('Phạm Thị Ngân', '0944222222', 'password158', 'phamngan@example.com', 158),
('Nguyễn Văn Quang', '0944333333', 'password159', 'nguyenquang@example.com', 159),
('Lê Thị Thu', '0944444444', 'password160', 'lethu@example.com', 160),
('Hoàng Văn Tâm', '0944555555', 'password161', 'hoangtam@example.com', 161),
('Nguyễn Thị Hà', '0944666666', 'password162', 'nguyenha@example.com', 162),
('Trần Văn Minh', '0944777777', 'password163', 'tranminh@example.com', 163),
('Lê Văn Đức', '0944888888', 'password164', 'leduc@example.com', 164),
('Phạm Thị Thu', '0944999999', 'password165', 'phamthu@example.com', 165),
('Nguyễn Văn Tùng', '0945000000', 'password166', 'nguyentung@example.com', 166),
('Lê Thị Lan', '0945111111', 'password167', 'lelan@example.com', 167),
('Hoàng Văn Dũng', '0945222222', 'password168', 'hoangdung@example.com', 168),
('Nguyễn Thị Thơ', '0945333333', 'password169', 'nguyentho@example.com', 169),
('Trần Văn Hùng', '0945444444', 'password170', 'tranhung@example.com', 170);

INSERT INTO CUSTOMERS (FULL_NAME, PHONE, PASS_WORD, EMAIL, ADDRESS_ID) VALUES
('Nguyễn Văn Tâm', '0945555555', 'password171', 'nguyentam@example.com', 171),
('Lê Thị Hương', '0945666666', 'password172', 'lehuong@example.com', 172),
('Phạm Văn Đức', '0945777777', 'password173', 'phamduc@example.com', 173),
('Nguyễn Thị Thanh', '0945888888', 'password174', 'nguyenthanh@example.com', 174),
('Trần Văn Nam', '0945999999', 'password175', 'trannam@example.com', 175),
('Lê Thị Hà', '0946000000', 'password176', 'leha@example.com', 176),
('Hoàng Văn Quân', '0946111111', 'password177', 'hoangquan@example.com', 177),
('Nguyễn Thị Trang', '0946222222', 'password178', 'trangnguyen@example.com', 178),
('Lê Văn Tuấn', '0946333333', 'password179', 'letuan@example.com', 179),
('Phạm Thị Loan', '0946444444', 'password180', 'phamloan@example.com', 180),
('Trần Văn Hải', '0946555555', 'password181', 'tranhai@example.com', 181),
('Nguyễn Văn Long', '0946666666', 'password182', 'nguyenlong@example.com', 182),
('Lê Thị Thảo', '0946777777', 'password183', 'lethao@example.com', 183),
('Phạm Văn Sơn', '0946888888', 'password184', 'phamson@example.com', 184),
('Nguyễn Thị Hường', '0946999999', 'password185', 'huongnguyen@example.com', 185),
('Trần Văn Phúc', '0947000000', 'password186', 'tranphuc@example.com', 186),
('Lê Thị Lan', '0947111111', 'password187', 'lelan@example.com', 187),
('Hoàng Văn Đạt', '0947222222', 'password188', 'hoangdat@example.com', 188),
('Nguyễn Văn Dũng', '0947333333', 'password189', 'nguyendung@example.com', 189),
('Lê Thị Hương', '0947444444', 'password190', 'lehuong@example.com', 190),
('Phạm Văn Hoàng', '0947555555', 'password191', 'phamhoang@example.com', 191),
('Nguyễn Thị Hạnh', '0947666666', 'password192', 'nguyenhanh@example.com', 192),
('Trần Văn Tú', '0947777777', 'password193', 'trantu@example.com', 193),
('Lê Thị Ngọc', '0947888888', 'password194', 'lengoc@example.com', 194),
('Phạm Văn An', '0947999999', 'password195', 'phaman@example.com', 195),
('Nguyễn Thị Hoa', '0948000000', 'password196', 'nguyenhoa@example.com', 196),
('Trần Văn Hòa', '0948111111', 'password197', 'tranhoa@example.com', 197),
('Lê Văn Hải', '0948222222', 'password198', 'lehail@example.com', 198),
('Phạm Thị Ngân', '0948333333', 'password199', 'phamngan@example.com', 199),
('Nguyễn Văn Quang', '0948444444', 'password200', 'nguyenquang@example.com', 200),
('Lê Thị Thu', '0948555555', 'password201', 'lethu@example.com', 201),
('Hoàng Văn Tâm', '0948666666', 'password202', 'hoangtam@example.com', 202),
('Nguyễn Thị Hà', '0948777777', 'password203', 'nguyenha@example.com', 203),
('Trần Văn Minh', '0948888888', 'password204', 'tranminh@example.com', 204),
('Lê Văn Đức', '0948999999', 'password205', 'leduc@example.com', 205),
('Phạm Thị Thu', '0949000000', 'password206', 'phamthu@example.com', 206),
('Nguyễn Văn Tùng', '0949111111', 'password207', 'nguyentung@example.com', 207),
('Lê Thị Lan', '0949222222', 'password208', 'lelan@example.com', 208),
('Hoàng Văn Dũng', '0949333333', 'password209', 'hoangdung@example.com', 209),
('Nguyễn Thị Thơ', '0949444444', 'password210', 'nguyentho@example.com', 210);

INSERT INTO CUSTOMERS (FULL_NAME, PHONE, PASS_WORD, EMAIL, ADDRESS_ID) VALUES
('Nguyễn Văn Dương', '0949555555', 'password211', 'nguyenduong@example.com', 211),
('Lê Thị Hồng', '0949666666', 'password212', 'lehong@example.com', 212),
('Phạm Văn Hùng', '0949777777', 'password213', 'phamhung@example.com', 213),
('Nguyễn Thị Quyên', '0949888888', 'password214', 'nguyenquyen@example.com', 214),
('Trần Văn Thành', '0949999999', 'password215', 'tranthanh@example.com', 215),
('Lê Thị Phương', '0950000000', 'password216', 'lephuong@example.com', 216),
('Hoàng Văn Hào', '0950111111', 'password217', 'hoanghao@example.com', 217),
('Nguyễn Thị Lan', '0950222222', 'password218', 'nguyenlan@example.com', 218),
('Lê Văn Quân', '0950333333', 'password219', 'lequan@example.com', 219),
('Phạm Thị Thúy', '0950444444', 'password220', 'phamthuy@example.com', 220),
('Trần Văn Đức', '0950555555', 'password221', 'tranduc@example.com', 221),
('Nguyễn Thị Hải', '0950666666', 'password222', 'nguyenhai@example.com', 222),
('Lê Văn Hùng', '0950777777', 'password223', 'lehung@example.com', 223),
('Phạm Thị Hà', '0950888888', 'password224', 'phamha@example.com', 224),
('Nguyễn Văn Tài', '0950999999', 'password225', 'nguyentai@example.com', 225),
('Trần Thị Hương', '0951000000', 'password226', 'tranhuong@example.com', 226),
('Lê Văn Phú', '0951111111', 'password227', 'lephu@example.com', 227),
('Hoàng Thị Ngọc', '0951222222', 'password228', 'hoangngoc@example.com', 228),
('Nguyễn Văn Thắng', '0951333333', 'password229', 'nguyenthang@example.com', 229),
('Trần Thị Thanh', '0951444444', 'password230', 'tranthanh@example.com', 230),
('Lê Văn Tuấn', '0951555555', 'password231', 'letuan@example.com', 231),
('Phạm Thị Thu', '0951666666', 'password232', 'phamthu@example.com', 232),
('Nguyễn Văn Hiệp', '0951777777', 'password233', 'nguyenhiep@example.com', 233),
('Trần Thị Lan', '0951888888', 'password234', 'tranlan@example.com', 234),
('Lê Văn Hoàng', '0951999999', 'password235', 'lehoang@example.com', 235),
('Phạm Thị Hương', '0952000000', 'password236', 'phamhuong@example.com', 236),
('Nguyễn Văn Đông', '0952111111', 'password237', 'nguyendong@example.com', 237),
('Trần Thị Hà', '0952222222', 'password238', 'tranthiha@example.com', 238),
('Lê Văn Quang', '0952333333', 'password239', 'lequang@example.com', 239),
('Phạm Thị Hạnh', '0952444444', 'password240', 'phamhanh@example.com', 240),
('Nguyễn Văn Hòa', '0952555555', 'password241', 'nguyenhoa@example.com', 241),
('Trần Thị Hương', '0952666666', 'password242', 'tranhuong@example.com', 242),
('Trần Văn Hoàng', '0950111111', 'password217', 'tranhoang@example.com', 243),
('Nguyễn Thị Ngọc', '0950222222', 'password218', 'ngocnguyen@example.com', 244);

INSERT INTO SHIPPERS (SHIPPER_ID,FULL_NAME, PHONE_NUMBER, STATUS, EMAIL)
VALUES
(1, 'John Smith', '0941000001', 1, 'john.smith@example.com'),
(2, 'Emma Johnson', '0941000002', 1, 'emma.johnson@example.com'),
(3, 'Michael Williams', '0941000003', 1, 'michael.williams@example.com'),
(4, 'Jennifer Brown', '0941000004', 1, 'jennifer.brown@example.com'),
(5, 'James Davis', '0941000005', 1, 'james.davis@example.com'),
(6, 'Mary Miller', '0941000006', 1, 'mary.miller@example.com'),
(7, 'Robert Wilson', '0941000007', 1, 'robert.wilson@example.com'),
(8, 'Patricia Moore', '0941000008', 1, 'patricia.moore@example.com'),
(9, 'David Taylor', '0941000009', 1, 'david.taylor@example.com'),
(10, 'Linda Anderson', '0941000010', 1, 'linda.anderson@example.com'),
(11, 'William Thomas', '0941000011', 1, 'william.thomas@example.com'),
(12, 'Barbara Jackson', '0941000012', 1, 'barbara.jackson@example.com'),
(13, 'Richard Martinez', '0941000013', 1, 'richard.martinez@example.com'),
(14, 'Elizabeth Clark', '0941000014', 1, 'elizabeth.clark@example.com'),
(15, 'Joseph Harris', '0941000015', 1, 'joseph.harris@example.com'),
(16, 'Susan Young', '0941000016', 1, 'susan.young@example.com'),
(17, 'Charles King', '0941000017', 1, 'charles.king@example.com'),
(18, 'Margaret Lee', '0941000018', 1, 'margaret.lee@example.com'),
(19, 'Thomas White', '0941000019', 1, 'thomas.white@example.com'),
(20, 'Karen Scott', '0941000020', 1, 'karen.scott@example.com'),
(21, 'Christopher Green', '0941000021', 1, 'christopher.green@example.com'),
(22, 'Sarah Hall', '0941000022', 1, 'sarah.hall@example.com'),
(23, 'Daniel Baker', '0941000023', 1, 'daniel.baker@example.com'),
(24, 'Nancy Phillips', '0941000024', 1, 'nancy.phillips@example.com'),
(25, 'Paul Adams', '0941000025', 1, 'paul.adams@example.com'),
(26, 'Deborah Campbell', '0941000026', 1, 'deborah.campbell@example.com'),
(27, 'Mark Hernandez', '0941000027', 1, 'mark.hernandez@example.com'),
(28, 'Lisa Ramirez', '0941000028', 1, 'lisa.ramirez@example.com'),
(29, 'Kenneth Gonzalez', '0941000029', 1, 'kenneth.gonzalez@example.com'),
(30, 'Betty Torres', '0941000030', 1, 'betty.torres@example.com'),
(31, 'Steven Moore', '0941000031', 1, 'steven.moore@example.com'),
(32, 'Donna Parker', '0941000032', 1, 'donna.parker@example.com'),
(33, 'Edward Perry', '0941000033', 1, 'edward.perry@example.com'),
(34, 'Helen Evans', '0941000034', 1, 'helen.evans@example.com'),
(35, 'Brian Wood', '0941000035', 1, 'brian.wood@example.com'),
(36, 'Michelle Coleman', '0941000036', 1, 'michelle.coleman@example.com'),
(37, 'Ronald Rivera', '0941000037', 1, 'ronald.rivera@example.com'),
(38, 'Amanda Ward', '0941000038', 1, 'amanda.ward@example.com'),
(39, 'Kevin Diaz', '0941000039', 1, 'kevin.diaz@example.com'),
(40, 'Laura Barnes', '0941000040', 1, 'laura.barnes@example.com'),
(41, 'Emily Adams', '0941000101', 1, 'emily.adams@example.com'),
(42, 'Andrew Robinson', '0941000102', 1, 'andrew.robinson@example.com'),
(43, 'Jessica Stewart', '0941000103', 1, 'jessica.stewart@example.com'),
(44, 'Matthew Carter', '0941000104', 1, 'matthew.carter@example.com'),
(45, 'Olivia Mitchell', '0941000105', 1, 'olivia.mitchell@example.com'),
(46, 'Joshua Perez', '0941000106', 1, 'joshua.perez@example.com'),
(47, 'Sophia Roberts', '0941000107', 1, 'sophia.roberts@example.com'),
(48, 'Daniel Turner', '0941000108', 1, 'daniel.turner@example.com'),
(49, 'Isabella Hall', '0941000109', 1, 'isabella.hall@example.com'),
(50, 'Christopher Cook', '0941000110', 1, 'christopher.cook@example.com'),
(51, 'Ava Cooper', '0941000111', 1, 'ava.cooper@example.com'),
(52, 'Andrew Murphy', '0941000112', 1, 'andrew.murphy@example.com'),
(53, 'Mia Bailey', '0941000113', 1, 'mia.bailey@example.com'),
(54, 'William Reed', '0941000114', 1, 'william.reed@example.com'),
(55, 'Amelia Nelson', '0941000115', 1, 'amelia.nelson@example.com'),
(56, 'Michael Hill', '0941000116', 1, 'michael.hill@example.com'),
(57, 'Sophia Ward', '0941000117', 1, 'sophia.ward@example.com'),
(58, 'Ethan Cooper', '0941000118', 1, 'ethan.cooper@example.com'),
(59, 'Charlotte Morgan', '0941000119', 1, 'charlotte.morgan@example.com'),
(60, 'Daniel Cox', '0941000120', 1, 'daniel.cox@example.com'),
(61, 'Emma Coleman', '0941000121', 1, 'emma.coleman@example.com'),
(62, 'James Murphy', '0941000122', 1, 'james.murphy@example.com'),
(63, 'Madison Turner', '0941000123', 1, 'madison.turner@example.com'),
(64, 'Ryan Mitchell', '0941000124', 1, 'ryan.mitchell@example.com'),
(65, 'Oliver Bennett', '0941000125', 1, 'oliver.bennett@example.com'),
(66, 'Ella Price', '0941000126', 1, 'ella.price@example.com'),
(67, 'Logan Carter', '0941000127', 1, 'logan.carter@example.com'),
(68, 'Ethan Salazar', '0941000128', 1, 'ethan.salazar@example.com'),
(69, 'Emma Torres', '0941000129', 1, 'emma.torres@example.com'),
(70, 'William Fernandez', '0941000130', 1, 'william.fernandez@example.com'),
(71, 'Sophia Dominguez', '0941000131', 1, 'sophia.dominguez@example.com'),
(72, 'Jacob Gutierrez', '0941000132', 1, 'jacob.gutierrez@example.com'),
(73, 'Isabella Cortes', '0941000133', 1, 'isabella.cortes@example.com'),
(74, 'Alexander Mora', '0941000134', 1, 'alexander.mora@example.com'),
(75, 'Mia Vega', '0941000135', 1, 'mia.vega@example.com'),
(76, 'Joshua Cabrera', '0941000136', 1, 'joshua.cabrera@example.com'),
(77, 'Abigail Robles', '0941000137', 1, 'abigail.robles@example.com'),
(78, 'Daniel Parra', '0941000138', 1, 'daniel.parra@example.com'),
(79, 'Avery Fuentes', '0941000139', 1, 'avery.fuentes@example.com'),
(80, 'Ethan Campos', '0941000140', 1, 'ethan.campos@example.com'),
(81, 'Emma Varela', '0941000141', 1, 'emma.varela@example.com'),
(82, 'William Rosales', '0941000142', 1, 'william.rosales@example.com'),
(83, 'Sophia Navarro', '0941000143', 1, 'sophia.navarro@example.com'),
(84, 'Jacob Rojas', '0941000144', 1, 'jacob.rojas@example.com'),
(85, 'Isabella Guzman', '0941000145', 1, 'isabella.guzman@example.com'),
(86, 'Alexander Ramirez', '0941000146', 1, 'alexander.ramirez@example.com'),
(87, 'Mia Diaz', '0941000147', 1, 'mia.diaz@example.com'),
(88, 'Joshua Moreno', '0941000148', 1, 'joshua.moreno@example.com'),
(89, 'Abigail Castillo', '0941000149', 1, 'abigail.castillo@example.com'),
(90, 'Daniel Flores', '0941000150', 1, 'daniel.flores@example.com'),
(91, 'Avery Sanchez', '0941000151', 1, 'avery.sanchez@example.com'),
(92, 'Ethan Reyes', '0941000152', 1, 'ethan.reyes@example.com'),
(93, 'Emma Delgado', '0941000153', 1, 'emma.delgado@example.com'),
(94, 'William Mendoza', '0941000154', 1, 'william.mendoza@example.com'),
(95, 'Sophia Suarez', '0941000155', 1, 'sophia.suarez@example.com'),
(96, 'Jacob Ramos', '0941000156', 1, 'jacob.ramos@example.com'),
(97, 'Isabella Ortiz', '0941000157', 1, 'isabella.ortiz@example.com'),
(98, 'Alexander Alvarado', '0941000158', 1, 'alexander.alvarado@example.com'),
(99, 'Mia Soto', '0941000159', 1, 'mia.soto@example.com'),
(100, 'Joshua Reyes', '0941000160', 1, 'joshua.reyes@example.com');



-- Tạo dữ liệu cho 20 voucher với điều kiện nhất định
INSERT INTO VOUCHERS (NAME, DAY_START, DAY_OFF, PERCENT_OFF, AMOUNT, PRODUCT_ID)
SELECT
    'Voucher ' || ROW_NUMBER() OVER () AS NAME,
    CURRENT_DATE + (FLOOR(RANDOM() * 365) + 1) * INTERVAL '1 day' AS DAY_START,
    CURRENT_DATE + (FLOOR(RANDOM() * 14) + 1) * INTERVAL '1 day' AS DAY_OFF,
    FLOOR(RANDOM() * 61) + 10 AS PERCENT_OFF,
    FLOOR(RANDOM() * 20) + 1 AS AMOUNT,
    FLOOR(RANDOM() * 239) + 1 AS PRODUCT_ID
FROM generate_series(1, 100);


-- Chèn 40 dữ liệu order vào bảng ORDERS với STATUS mặc định là 1
INSERT INTO ORDERS (TIME, ADDRESS, STATUS, CUSTOMER_ID, SHIPPER_ID)
VALUES
    ('2024-01-05', '123 Lê Lợi, Quận 1, TP.HCM', 1, 15, 7),
    ('2024-01-12', '456 Điện Biên Phủ, Quận Bình Thạnh, TP.HCM', 1, 28, 22),
    ('2024-01-18', '789 Nguyễn Huệ, Quận 3, TP.HCM', 1, 37, 55),
    ('2024-02-01', '321 CMT8, Quận 10, TP.HCM', 1, 51, 14),
    ('2024-02-05', '56 Phan Đình Phùng, Quận Phú Nhuận, TP.HCM', 1, 69, 81),
    ('2024-02-11', '89 Lê Lai, Quận 5, TP.HCM', 1, 75, 3),
    ('2024-02-18', '234 Nguyễn Thị Minh Khai, Quận 1, TP.HCM', 1, 84, 45),
    ('2024-03-03', '456 Lê Hồng Phong, Quận 5, TP.HCM', 1, 98, 67),
    ('2024-03-08', '789 Trần Hưng Đạo, Quận Bình Thạnh, TP.HCM', 1, 107, 12),
    ('2024-03-14', '12 Lý Tự Trọng, Quận 3, TP.HCM', 1, 114, 34),
    ('2024-03-20', '567 Nguyễn Văn Cừ, Quận 10, TP.HCM', 1, 126, 99),
    ('2024-04-02', '890 Hai Bà Trưng, Quận 1, TP.HCM', 1, 137, 8),
    ('2024-04-06', '45 Võ Thị Sáu, Quận 3, TP.HCM', 1, 143, 71),
    ('2024-04-12', '678 Lê Đức Thọ, Quận Gò Vấp, TP.HCM', 1, 152, 25),
    ('2024-04-18', '901 Phan Xích Long, Quận Phú Nhuận, TP.HCM', 1, 166, 57),
    ('2024-05-01', '234 Nguyễn Văn Thủ, Quận 1, TP.HCM', 1, 178, 10),
    ('2024-05-05', '567 Lê Văn Sỹ, Quận 3, TP.HCM', 1, 185, 83),
    ('2024-05-11', '890 Cách Mạng Tháng 8, Quận 10, TP.HCM', 1, 193, 39),
    ('2024-05-18', '123 Nguyễn Thái Bình, Quận 1, TP.HCM', 1, 206, 92),
    ('2024-06-01', '456 Lý Thường Kiệt, Quận 3, TP.HCM', 1, 212, 17),
    ('2024-06-05', '789 Trần Quang Khải, Quận 10, TP.HCM', 1, 224, 63),
    ('2024-06-11', '12 Đinh Tiên Hoàng, Quận Bình Thạnh, TP.HCM', 1, 235, 28),
    ('2024-06-18', '345 Nguyễn Công Trứ, Quận 1, TP.HCM', 1, 241, 76);


-- Chèn thêm 40 dữ liệu order vào bảng ORDERS với STATUS mặc định là 1
INSERT INTO ORDERS (TIME, ADDRESS, STATUS, CUSTOMER_ID, SHIPPER_ID)
VALUES
('2024-06-25', '456 Điện Biên Phủ, Quận Bình Thạnh, TP.HCM', 1, 17, 9),
('2024-07-02', '789 Nguyễn Huệ, Quận 3, TP.HCM', 1, 29, 20),
('2024-07-09', '321 CMT8, Quận 10, TP.HCM', 1, 38, 30),
('2024-07-16', '56 Phan Đình Phùng, Quận Phú Nhuận, TP.HCM', 1, 47, 41),
('2024-07-23', '89 Lê Lai, Quận 5, TP.HCM', 1, 58, 52),
('2024-07-30', '234 Nguyễn Thị Minh Khai, Quận 1, TP.HCM', 1, 67, 63),
('2024-08-06', '456 Lê Hồng Phong, Quận 5, TP.HCM', 1, 79, 74),
('2024-08-13', '789 Trần Hưng Đạo, Quận Bình Thạnh, TP.HCM', 1, 88, 85),
('2024-08-20', '12 Lý Tự Trọng, Quận 3, TP.HCM', 1, 94, 96),
('2024-08-27', '567 Nguyễn Văn Cừ, Quận 10, TP.HCM', 1, 107, 7),
('2024-09-03', '890 Hai Bà Trưng, Quận 1, TP.HCM', 1, 116, 18),
('2024-09-10', '45 Võ Thị Sáu, Quận 3, TP.HCM', 1, 128, 29),
('2024-09-17', '678 Lê Đức Thọ, Quận Gò Vấp, TP.HCM', 1, 137, 40),
('2024-09-24', '901 Phan Xích Long, Quận Phú Nhuận, TP.HCM', 1, 145, 51),
('2024-10-01', '234 Nguyễn Văn Thủ, Quận 1, TP.HCM', 1, 159, 62),
('2024-10-08', '567 Lê Văn Sỹ, Quận 3, TP.HCM', 1, 172, 73),
('2024-10-15', '890 Cách Mạng Tháng 8, Quận 10, TP.HCM', 1, 187, 84),
('2024-10-22', '123 Nguyễn Thái Bình, Quận 1, TP.HCM', 1, 201, 95),
('2024-10-29', '456 Lý Thường Kiệt, Quận 3, TP.HCM', 1, 218, 106),
('2024-11-05', '789 Trần Quang Khải, Quận 5, TP.HCM', 1, 232, 117),
('2024-11-12', '234 Cầu Giấy, Quận Bình Thạnh, TP.HCM', 1, 15, 128),
('2024-11-19', '567 Hoàng Diệu, Quận 4, TP.HCM', 1, 31, 139),
('2024-11-26', '890 Trần Não, Quận 2, TP.HCM', 1, 46, 150),
('2024-12-03', '123 Phan Đình Phùng, Quận Phú Nhuận, TP.HCM', 1, 62, 161),
('2024-12-10', '456 Đề Thám, Quận 1, TP.HCM', 1, 77, 172),
('2024-12-17', '789 Nguyễn Trãi, Quận 5, TP.HCM', 1, 92, 183),
('2024-12-24', '234 Lê Thị Riêng, Quận Bình Thạnh, TP.HCM', 1, 108, 194),
('2024-12-31', '567 Nguyễn Đình Chiểu, Quận 3, TP.HCM', 1, 123, 205),
('2025-01-07', '890 Điện Biên Phủ, Quận Bình Thạnh, TP.HCM', 1, 138, 216),
('2025-01-14', '123 Lê Lợi, Quận 1, TP.HCM', 1, 153, 227),
('2025-01-21', '456 Cách Mạng Tháng Tám, Quận 3, TP.HCM', 1, 168, 238),
('2025-01-28', '789 Nguyễn Văn Linh, Quận 7, TP.HCM', 1, 183, 242),
('2024-11-19', '567 Điện Biên Phủ, Quận 5, TP.HCM', 1, 1, 128),
('2024-11-26', '890 Nguyễn Huệ, Quận 1, TP.HCM', 1, 10, 139),
('2024-12-03', '234 CMT8, Quận 3, TP.HCM', 1, 24, 150),
('2024-12-10', '678 Phan Đình Phùng, Quận Phú Nhuận, TP.HCM', 1, 36, 161),
('2024-12-17', '111 Lê Lai, Quận 5, TP.HCM', 1, 49, 172),
('2024-12-24', '444 Nguyễn Thị Minh Khai, Quận 1, TP.HCM', 1, 63, 183),
('2025-01-02', '777 Lê Hồng Phong, Quận 5, TP.HCM', 1, 75, 194),
('2025-01-09', '222 Trần Hưng Đạo, Quận Bình Thạnh, TP.HCM', 1, 83, 205),
('2025-01-16', '555 Lý Tự Trọng, Quận 3, TP.HCM', 1, 92, 216),
('2025-01-23', '888 Nguyễn Văn Cừ, Quận 10, TP.HCM', 1, 102, 227),
('2025-01-30', '333 Hai Bà Trưng, Quận 1, TP.HCM', 1, 112, 238),
('2025-02-06', '666 Võ Thị Sáu, Quận 3, TP.HCM', 1, 123, 10),
('2025-02-13', '999 Lê Đức Thọ, Quận Gò Vấp, TP.HCM', 1, 132, 21),
('2025-02-20', '777 Phan Xích Long, Quận Phú Nhuận, TP.HCM', 1, 141, 32),
('2025-02-27', '222 Nguyễn Văn Thủ, Quận 1, TP.HCM', 1, 152, 43),
('2025-03-06', '555 Lê Văn Sỹ, Quận 3, TP.HCM', 1, 165, 54),
('2025-03-13', '888 Cách Mạng Tháng 8, Quận 10, TP.HCM', 1, 179, 65),
('2025-03-20', '333 Nguyễn Thái Bình, Quận 1, TP.HCM', 1, 192, 76),
('2025-03-27', '666 Lý Thường Kiệt, Quận 3, TP.HCM', 1, 208, 87),
('2025-04-03', '999 Trần Quang Khải, Quận 5, TP.HCM', 1, 225, 98);


-- Chèn thêm 50 dữ liệu order vào bảng ORDERS với STATUS mặc định là 3
INSERT INTO ORDERS (TIME, ADDRESS, STATUS, CUSTOMER_ID, SHIPPER_ID)
VALUES
('2025-03-25', '345 CMT8, Quận 10, TP.HCM', 3, 1, 8),
('2025-04-01', '678 Phan Xích Long, Quận Phú Nhuận, TP.HCM', 3, 2, 19),
('2025-04-08', '901 Nguyễn Thị Minh Khai, Quận 1, TP.HCM', 3, 3, 30),
('2025-04-15', '123 Nguyễn Văn Cừ, Quận 10, TP.HCM', 3, 4, 41),
('2025-04-22', '456 Lê Hồng Phong, Quận 5, TP.HCM', 3, 5, 52),
('2025-04-29', '789 Trần Hưng Đạo, Quận Bình Thạnh, TP.HCM', 3, 6, 63),
('2025-05-06', '12 Lý Tự Trọng, Quận 3, TP.HCM', 3, 7, 74),
('2025-05-13', '345 Nguyễn Văn Thủ, Quận 1, TP.HCM', 3, 8, 85),
('2025-05-20', '678 Lê Văn Sỹ, Quận 3, TP.HCM', 3, 9, 96),
('2025-05-27', '901 Cách Mạng Tháng 8, Quận 10, TP.HCM', 3, 10, 7),
('2025-06-03', '123 Điện Biên Phủ, Quận Bình Thạnh, TP.HCM', 3, 11, 18),
('2025-06-10', '456 Nguyễn Huệ, Quận 1, TP.HCM', 3, 12, 29),
('2025-06-17', '789 Trần Quang Khải, Quận 5, TP.HCM', 3, 13, 40),
('2025-06-24', '901 Lê Đức Thọ, Quận Gò Vấp, TP.HCM', 3, 14, 51),
('2025-07-01', '123 Phan Xích Long, Quận Phú Nhuận, TP.HCM', 3, 15, 62),
('2025-07-08', '345 Nguyễn Văn Cừ, Quận 1, TP.HCM', 3, 16, 73),
('2025-07-15', '567 Lê Hồng Phong, Quận 5, TP.HCM', 3, 17, 84),
('2025-07-22', '789 Nguyễn Thị Định, Quận 2, TP.HCM', 3, 18, 95),
('2025-07-29', '901 Nguyễn Hữu Cảnh, Quận Bình Thạnh, TP.HCM', 3, 19, 6),
('2025-08-05', '123 Lê Văn Sỹ, Quận 3, TP.HCM', 3, 20, 17),
('2025-08-12', '345 Nguyễn Thị Minh Khai, Quận 1, TP.HCM', 3, 21, 28),
('2025-08-19', '567 Lê Văn Việt, Quận 9, TP.HCM', 3, 22, 39),
('2025-08-26', '789 Nguyễn Thái Bình, Quận 1, TP.HCM', 3, 23, 50),
('2025-09-02', '901 Cộng Hòa, Quận Tân Bình, TP.HCM', 3, 24, 61),
('2025-09-09', '123 Lê Đức Thọ, Quận Gò Vấp, TP.HCM', 3, 25, 72),
('2025-09-16', '345 Phan Xích Long, Quận Phú Nhuận, TP.HCM', 3, 26, 83),
('2025-09-23', '567 Nguyễn Văn Linh, Quận 7, TP.HCM', 3, 27, 94),
('2025-09-30', '789 Điện Biên Phủ, Quận Bình Thạnh, TP.HCM', 3, 28, 5),
('2025-10-07', '901 Nguyễn Văn Cừ, Quận 10, TP.HCM', 3, 29, 16),
('2025-10-14', '123 Lê Hồng Phong, Quận 5, TP.HCM', 3, 30, 27),
('2025-12-02', '567 Trần Hưng Đạo, Quận Bình Thạnh, TP.HCM', 3, 36, 93),
('2025-12-09', '789 Lý Tự Trọng, Quận 3, TP.HCM', 3, 37, 4),
('2025-12-16', '901 Nguyễn Văn Thủ, Quận 1, TP.HCM', 3, 38, 15),
('2025-12-23', '123 Lê Văn Sỹ, Quận 3, TP.HCM', 3, 39, 26),
('2025-12-30', '345 Cách Mạng Tháng 8, Quận 10, TP.HCM', 3, 40, 37),
('2026-01-06', '567 Điện Biên Phủ, Quận Bình Thạnh, TP.HCM', 3, 41, 48),
('2026-01-13', '789 Nguyễn Huệ, Quận 1, TP.HCM', 3, 42, 59),
('2026-01-20', '901 Trần Quang Khải, Quận 5, TP.HCM', 3, 43, 70),
('2026-01-27', '123 Lê Đức Thọ, Quận Gò Vấp, TP.HCM', 3, 44, 81),
('2026-02-03', '345 Phan Xích Long, Quận Phú Nhuận, TP.HCM', 3, 45, 92),
('2026-02-10', '567 Nguyễn Văn Linh, Quận 7, TP.HCM', 3, 46, 3),
('2026-02-17', '789 Điện Biên Phủ, Quận Bình Thạnh, TP.HCM', 3, 47, 14),
('2026-02-24', '901 Nguyễn Văn Cừ, Quận 10, TP.HCM', 3, 48, 25),
('2026-03-02', '123 Nguyễn Văn Linh, Quận 7, TP.HCM', 3, 49, 36),
('2026-03-09', '345 Điện Biên Phủ, Quận Bình Thạnh, TP.HCM', 3, 50, 47),
('2026-03-16', '567 Nguyễn Văn Cừ, Quận 10, TP.HCM', 3, 51, 58),
('2026-03-23', '789 Phan Xích Long, Quận Phú Nhuận, TP.HCM', 3, 52, 69),
('2026-03-30', '901 Nguyễn Thị Minh Khai, Quận 1, TP.HCM', 3, 53, 80),
('2026-04-06', '123 Nguyễn Văn Cừ, Quận 10, TP.HCM', 3, 54, 91),
('2026-04-13', '345 Lê Hồng Phong, Quận 5, TP.HCM', 3, 55, 2),
('2026-04-20', '567 Trần Hưng Đạo, Quận Bình Thạnh, TP.HCM', 3, 56, 13),
('2026-04-27', '789 Lý Tự Trọng, Quận 3, TP.HCM', 3, 57, 24),
('2026-05-04', '901 Nguyễn Văn Thủ, Quận 1, TP.HCM', 3, 58, 35),
('2026-05-11', '123 Lê Văn Sỹ, Quận 3, TP.HCM', 3, 59, 46),
('2026-05-18', '345 Cách Mạng Tháng 8, Quận 10, TP.HCM', 3, 60, 57),
('2026-05-25', '567 Điện Biên Phủ, Quận Bình Thạnh, TP.HCM', 3, 61, 68),
('2026-06-01', '789 Nguyễn Huệ, Quận 1, TP.HCM', 3, 62, 79),
('2026-06-08', '901 Trần Quang Khải, Quận 5, TP.HCM', 3, 63, 90),
('2026-06-15', '123 Lê Đức Thọ, Quận Gò Vấp, TP.HCM', 3, 64, 1),
('2026-06-22', '345 Phan Xích Long, Quận Phú Nhuận, TP.HCM', 3, 65, 12),
('2026-06-29', '567 Nguyễn Văn Linh, Quận 7, TP.HCM', 3, 66, 23),
('2026-07-06', '789 Điện Biên Phủ, Quận Bình Thạnh, TP.HCM', 3, 67, 34),
('2026-07-13', '901 Nguyễn Văn Cừ, Quận 10, TP.HCM', 3, 68, 45);


INSERT INTO ORDERS (TIME, ADDRESS, STATUS, CUSTOMER_ID)
VALUES
('2026-09-15', '567 Nguyễn Văn Linh, Quận 7, TP.HCM', 1, 1),
('2026-09-22', '789 Điện Biên Phủ, Quận Bình Thạnh, TP.HCM', 1, 2),
('2026-09-29', '901 Nguyễn Văn Cừ, Quận 10, TP.HCM', 1, 3),
('2026-10-06', '123 Lê Hồng Phong, Quận 5, TP.HCM', 1, 4),
('2026-10-13', '345 Trần Hưng Đạo, Quận Bình Thạnh, TP.HCM', 1, 5),
('2026-10-20', '567 Phan Xích Long, Quận Phú Nhuận, TP.HCM', 1, 6),
('2026-10-27', '789 Nguyễn Thị Minh Khai, Quận 1, TP.HCM', 1, 7),
('2026-11-03', '901 Nguyễn Văn Cừ, Quận 10, TP.HCM', 1, 8),
('2026-11-10', '123 Lê Hồng Phong, Quận 5, TP.HCM', 1, 9),
('2026-11-17', '345 Trần Hưng Đạo, Quận Bình Thạnh, TP.HCM', 1, 10),
('2026-11-24', '567 Phan Xích Long, Quận Phú Nhuận, TP.HCM', 1, 11),
('2026-12-01', '789 Nguyễn Thị Minh Khai, Quận 1, TP.HCM', 1, 12),
('2026-12-08', '901 Nguyễn Văn Cừ, Quận 10, TP.HCM', 1, 13),
('2026-12-15', '123 Lê Hồng Phong, Quận 5, TP.HCM', 1, 14),
('2026-12-22', '345 Trần Hưng Đạo, Quận Bình Thạnh, TP.HCM', 1, 15),
('2026-12-29', '567 Phan Xích Long, Quận Phú Nhuận, TP.HCM', 1, 16),
('2027-01-05', '789 Nguyễn Thị Minh Khai, Quận 1, TP.HCM', 1, 17),
('2027-01-12', '901 Nguyễn Văn Cừ, Quận 10, TP.HCM', 1, 18),
('2027-01-19', '123 Lê Hồng Phong, Quận 5, TP.HCM', 1, 19),
('2027-01-26', '345 Trần Hưng Đạo, Quận Bình Thạnh, TP.HCM', 1, 20),
('2027-02-02', '567 Phan Xích Long, Quận Phú Nhuận, TP.HCM', 1, 21),
('2027-02-09', '789 Nguyễn Thị Minh Khai, Quận 1, TP.HCM', 1, 22),
('2027-02-16', '901 Nguyễn Văn Cừ, Quận 10, TP.HCM', 1, 23),
('2027-02-23', '123 Lê Hồng Phong, Quận 5, TP.HCM', 1, 24),
('2027-03-02', '345 Trần Hưng Đạo, Quận Bình Thạnh, TP.HCM', 1, 25),
('2027-03-09', '567 Phan Xích Long, Quận Phú Nhuận, TP.HCM', 1, 26),
('2027-03-16', '789 Nguyễn Thị Minh Khai, Quận 1, TP.HCM', 1, 27),
('2027-03-23', '901 Nguyễn Văn Cừ, Quận 10, TP.HCM', 1, 28),
('2027-03-30', '123 Lê Hồng Phong, Quận 5, TP.HCM', 1, 29),
('2027-04-06', '345 Trần Hưng Đạo, Quận Bình Thạnh, TP.HCM', 1, 30),
('2027-04-13', '567 Phan Xích Long, Quận Phú Nhuận, TP.HCM', 1, 31),
('2027-04-20', '789 Nguyễn Thị Minh Khai, Quận 1, TP.HCM', 1, 32),
('2027-04-27', '901 Nguyễn Văn Cừ, Quận 10, TP.HCM', 1, 33),
('2027-05-04', '123 Lê Hồng Phong, Quận 5, TP.HCM', 1, 34),
('2027-05-11', '345 Trần Hưng Đạo, Quận Bình Thạnh, TP.HCM', 1, 35),
('2027-05-18', '567 Phan Xích Long, Quận Phú Nhuận, TP.HCM', 1, 36),
('2027-05-25', '789 Nguyễn Thị Minh Khai, Quận 1, TP.HCM', 1, 37),
('2027-06-01', '901 Nguyễn Văn Cừ, Quận 10, TP.HCM', 1, 38),
('2027-06-08', '123 Lê Hồng Phong, Quận 5, TP.HCM', 1, 39),
('2027-06-15', '345 Trần Hưng Đạo, Quận Bình Thạnh, TP.HCM', 1, 40),
('2027-06-22', '567 Phan Xích Long, Quận Phú Nhuận, TP.HCM', 1, 41),
('2027-07-06', '901 Nguyễn Văn Cừ, Quận 10, TP.HCM', 1, 42),
('2027-07-13', '123 Lê Hồng Phong, Quận 5, TP.HCM', 1, 43),
('2027-07-20', '345 Trần Hưng Đạo, Quận Bình Thạnh, TP.HCM', 1, 44),
('2027-07-27', '567 Phan Xích Long, Quận Phú Nhuận, TP.HCM', 1, 45),
('2027-08-03', '789 Nguyễn Thị Minh Khai, Quận 1, TP.HCM', 1, 46),
('2027-08-10', '901 Nguyễn Văn Cừ, Quận 10, TP.HCM', 1, 47),
('2027-08-17', '123 Lê Hồng Phong, Quận 5, TP.HCM', 1, 48),
('2027-08-24', '345 Trần Hưng Đạo, Quận Bình Thạnh, TP.HCM', 1, 49),
('2027-08-31', '567 Phan Xích Long, Quận Phú Nhuận, TP.HCM', 1, 50),
('2027-09-07', '789 Nguyễn Thị Minh Khai, Quận 1, TP.HCM', 1, 51),
('2027-09-14', '901 Nguyễn Văn Cừ, Quận 10, TP.HCM', 1, 52),
('2027-09-21', '123 Lê Hồng Phong, Quận 5, TP.HCM', 1, 53),
('2027-09-28', '345 Trần Hưng Đạo, Quận Bình Thạnh, TP.HCM', 1, 54),
('2027-10-05', '567 Phan Xích Long, Quận Phú Nhuận, TP.HCM', 1, 55),
('2027-10-12', '789 Nguyễn Thị Minh Khai, Quận 1, TP.HCM', 1, 56),
('2027-10-19', '901 Nguyễn Văn Cừ, Quận 10, TP.HCM', 1, 57),
('2027-10-26', '123 Lê Hồng Phong, Quận 5, TP.HCM', 1, 58),
('2027-11-02', '345 Trần Hưng Đạo, Quận Bình Thạnh, TP.HCM', 1, 59),
('2027-11-09', '567 Phan Xích Long, Quận Phú Nhuận, TP.HCM', 1, 60),
('2027-11-16', '789 Nguyễn Thị Minh Khai, Quận 1, TP.HCM', 1, 61),
('2027-11-23', '901 Nguyễn Văn Cừ, Quận 10, TP.HCM', 1, 62),
('2027-11-30', '123 Lê Hồng Phong, Quận 5, TP.HCM', 1, 63),
('2027-12-07', '345 Trần Hưng Đạo, Quận Bình Thạnh, TP.HCM', 1, 64),
('2027-12-14', '567 Phan Xích Long, Quận Phú Nhuận, TP.HCM', 1, 65),
('2027-12-21', '789 Nguyễn Thị Minh Khai, Quận 1, TP.HCM', 1, 66),
('2027-12-28', '901 Nguyễn Văn Cừ, Quận 10, TP.HCM', 1, 67),
('2028-01-04', '123 Lê Hồng Phong, Quận 5, TP.HCM', 1, 68),
('2028-01-11', '345 Trần Hưng Đạo, Quận Bình Thạnh, TP.HCM', 1, 69),
('2028-01-18', '567 Phan Xích Long, Quận Phú Nhuận, TP.HCM', 1, 70),
('2028-01-25', '789 Nguyễn Thị Minh Khai, Quận 1, TP.HCM', 1, 71),
('2028-02-01', '901 Nguyễn Văn Cừ, Quận 10, TP.HCM', 1, 72);

-- Chèn thêm 50 dữ liệu order vào bảng ORDERS với STATUS mặc định là 1
INSERT INTO ORDERS (TIME, ADDRESS, STATUS, CUSTOMER_ID, SHIPPER_ID)
VALUES
    ('2026-12-15', '345 Nguyễn Thái Bình, Quận 1, TP.HCM', 1, 116, 7),
    ('2026-12-22', '567 Cộng Hòa, Quận Tân Bình, TP.HCM', 1, 125, 18),
    ('2026-12-29', '789 Lê Đức Thọ, Quận Gò Vấp, TP.HCM', 1, 134, 29),
    ('2027-01-05', '901 Phan Xích Long, Quận Phú Nhuận, TP.HCM', 1, 145, 40),
    ('2027-01-12', '123 Nguyễn Văn Cừ, Quận 10, TP.HCM', 1, 154, 51),
    ('2027-01-19', '345 Lê Hồng Phong, Quận 5, TP.HCM', 1, 165, 62),
    ('2027-01-26', '567 Trần Hưng Đạo, Quận Bình Thạnh, TP.HCM', 1, 176, 73),
    ('2027-02-02', '789 Lý Tự Trọng, Quận 3, TP.HCM', 1, 187, 84),
    ('2027-02-09', '901 Nguyễn Thị Minh Khai, Quận 1, TP.HCM', 1, 198, 95),
    ('2027-02-16', '123 Lê Văn Sỹ, Quận 3, TP.HCM', 1, 209, 6),
    ('2027-02-23', '345 Lê Hồng Phong, Quận 10, TP.HCM', 1, 218, 17),
    ('2027-03-02', '567 Nguyễn Văn Cừ, Quận 1, TP.HCM', 1, 227, 28),
    ('2027-03-09', '789 Lê Văn Sỹ, Quận 3, TP.HCM', 1, 238, 39),
    ('2027-03-16', '901 Phan Xích Long, Quận Phú Nhuận, TP.HCM', 1, 229, 50),
    ('2027-03-23', '123 Lê Hồng Phong, Quận 5, TP.HCM', 1, 8, 61),
    ('2027-03-30', '345 Trần Hưng Đạo, Quận Bình Thạnh, TP.HCM', 1, 19, 72),
    ('2027-04-06', '567 Lý Tự Trọng, Quận 3, TP.HCM', 1, 28, 83),
    ('2027-04-13', '789 Nguyễn Thị Minh Khai, Quận 1, TP.HCM', 1, 39, 94),
    ('2027-04-20', '901 Lê Văn Sỹ, Quận 3, TP.HCM', 1, 48, 5),
    ('2027-04-27', '123 Lê Hồng Phong, Quận 10, TP.HCM', 1, 57, 16),
    ('2027-05-04', '345 Nguyễn Văn Cừ, Quận 1, TP.HCM', 1, 66, 27),
    ('2027-05-11', '567 Lê Văn Sỹ, Quận 3, TP.HCM', 1, 77, 38),
    ('2027-05-18', '789 Phan Xích Long, Quận Phú Nhuận, TP.HCM', 1, 86, 49),
    ('2027-05-25', '901 Lê Hồng Phong, Quận 5, TP.HCM', 1, 95, 60),
    ('2027-06-01', '123 Trần Hưng Đạo, Quận Bình Thạnh, TP.HCM', 1, 106, 71),
    ('2027-06-08', '345 Lý Tự Trọng, Quận 3, TP.HCM', 1, 115, 82),
    ('2027-06-15', '567 Nguyễn Thị Minh Khai, Quận 1, TP.HCM', 1, 126, 93),
    ('2027-06-22', '789 Lê Văn Sỹ, Quận 3, TP.HCM', 1, 135, 4),
    ('2027-06-29', '901 Phan Xích Long, Quận Phú Nhuận, TP.HCM', 1, 146, 15),
    ('2027-07-06', '123 Lê Hồng Phong, Quận 5, TP.HCM', 1, 157, 26),
    ('2027-07-13', '345 Trần Hưng Đạo, Quận Bình Thạnh, TP.HCM', 1, 168, 37),
    ('2027-07-20', '567 Lý Tự Trọng, Quận 3, TP.HCM', 1, 179, 48),
    ('2027-07-27', '789 Nguyễn Thị Minh Khai, Quận 1, TP.HCM', 1, 188, 59),
    ('2027-08-03', '901 Lê Văn Sỹ, Quận 3, TP.HCM', 1, 199, 70),
    ('2027-08-10', '123 Lê Hồng Phong, Quận 10, TP.HCM', 1, 208, 81),
    ('2027-08-17', '345 Nguyễn Văn Cừ, Quận 1, TP.HCM', 1, 217, 92),
    ('2027-08-24', '567 Lê Văn Sỹ, Quận 3, TP.HCM', 1, 228, 3),
    ('2027-08-31', '789 Phan Xích Long, Quận Phú Nhuận, TP.HCM', 1, 237, 14),
    ('2027-09-07', '901 Lê Hồng Phong, Quận 5, TP.HCM', 1, 232, 25),
    ('2027-09-14', '123 Trần Hưng Đạo, Quận Bình Thạnh, TP.HCM', 1, 5, 36),
    ('2027-09-21', '345 Lý Tự Trọng, Quận 3, TP.HCM', 1, 16, 47),
    ('2027-09-28', '567 Nguyễn Thị Minh Khai, Quận 1, TP.HCM', 1, 27, 58),
    ('2027-10-05', '789 Lê Văn Sỹ, Quận 3, TP.HCM', 1, 38, 69),
    ('2027-10-12', '901 Phan Xích Long, Quận Phú Nhuận, TP.HCM', 1, 49, 80),
    ('2027-10-19', '123 Lê Hồng Phong, Quận 5, TP.HCM', 1, 58, 91),
    ('2027-10-26', '345 Trần Hưng Đạo, Quận Bình Thạnh, TP.HCM', 1, 69, 2),
    ('2027-11-02', '567 Lý Tự Trọng, Quận 3, TP.HCM', 1, 78, 13),
    ('2027-11-09', '789 Nguyễn Thị Minh Khai, Quận 1, TP.HCM', 1, 89, 24),
    ('2027-11-16', '901 Lê Văn Sỹ, Quận 3, TP.HCM', 1, 98, 35),
    ('2027-11-23', '123 Lê Hồng Phong, Quận 10, TP.HCM', 1, 107, 46),
    ('2027-11-30', '345 Nguyễn Văn Cừ, Quận 1, TP.HCM', 1, 116, 57),
    ('2027-12-07', '567 Lê Văn Sỹ, Quận 3, TP.HCM', 1, 127, 68),
    ('2027-12-14', '789 Phan Xích Long, Quận Phú Nhuận, TP.HCM', 1, 136, 79),
    ('2027-12-21', '901 Lê Hồng Phong, Quận 5, TP.HCM', 1, 147, 90),
    ('2027-12-28', '123 Trần Hưng Đạo, Quận Bình Thạnh, TP.HCM', 1, 156, 1);

-- Chèn thêm 50 dữ liệu order vào bảng ORDERS với STATUS mặc định là 1
INSERT INTO ORDERS (TIME, ADDRESS, STATUS, CUSTOMER_ID, SHIPPER_ID)
VALUES
    ('2028-01-04', '567 Lê Hồng Phong, Quận 10, TP.HCM', 1, 165, 72),
    ('2028-01-11', '789 Nguyễn Văn Cừ, Quận 1, TP.HCM', 1, 176, 83),
    ('2028-01-18', '901 Lê Văn Sỹ, Quận 3, TP.HCM', 1, 187, 94),
    ('2028-01-25', '123 Phan Xích Long, Quận Phú Nhuận, TP.HCM', 1, 198, 5),
    ('2028-02-01', '345 Lê Hồng Phong, Quận 5, TP.HCM', 1, 209, 16),
    ('2028-02-08', '567 Trần Hưng Đạo, Quận Bình Thạnh, TP.HCM', 1, 220, 27),
    ('2028-02-15', '789 Lý Tự Trọng, Quận 3, TP.HCM', 1, 231, 38),
    ('2028-02-22', '901 Nguyễn Thị Minh Khai, Quận 1, TP.HCM', 1, 242, 49),
    ('2028-02-29', '123 Lê Văn Sỹ, Quận 3, TP.HCM', 1, 1, 60),
    ('2028-03-07', '345 Phan Xích Long, Quận Phú Nhuận, TP.HCM', 1, 12, 71),
    ('2028-03-14', '567 Lê Hồng Phong, Quận 5, TP.HCM', 1, 23, 82),
    ('2028-03-21', '789 Trần Hưng Đạo, Quận Bình Thạnh, TP.HCM', 1, 34, 93),
    ('2028-03-28', '901 Lý Tự Trọng, Quận 3, TP.HCM', 1, 45, 4),
    ('2028-04-04', '123 Nguyễn Thị Minh Khai, Quận 1, TP.HCM', 1, 56, 15),
    ('2028-04-11', '345 Lê Văn Sỹ, Quận 3, TP.HCM', 1, 67, 26),
    ('2028-04-18', '567 Phan Xích Long, Quận Phú Nhuận, TP.HCM', 1, 78, 37),
    ('2028-04-25', '789 Lê Hồng Phong, Quận 5, TP.HCM', 1, 89, 48),
    ('2028-05-02', '901 Trần Hưng Đạo, Quận Bình Thạnh, TP.HCM', 1, 100, 59),
    ('2028-05-09', '123 Lý Tự Trọng, Quận 3, TP.HCM', 1, 111, 70),
    ('2028-05-16', '345 Nguyễn Thị Minh Khai, Quận 1, TP.HCM', 1, 122, 81),
    ('2028-05-23', '567 Lê Văn Sỹ, Quận 3, TP.HCM', 1, 133, 92),
    ('2028-05-30', '789 Phan Xích Long, Quận Phú Nhuận, TP.HCM', 1, 144, 3),
    ('2028-06-06', '901 Lê Hồng Phong, Quận 5, TP.HCM', 1, 155, 14),
    ('2028-06-13', '123 Trần Hưng Đạo, Quận Bình Thạnh, TP.HCM', 1, 166, 25),
    ('2028-06-20', '345 Lý Tự Trọng, Quận 3, TP.HCM', 1, 177, 36),
    ('2028-06-27', '567 Nguyễn Thị Minh Khai, Quận 1, TP.HCM', 1, 188, 47),
    ('2028-07-04', '789 Lê Văn Sỹ, Quận 3, TP.HCM', 1, 199, 58),
    ('2028-07-11', '901 Phan Xích Long, Quận Phú Nhuận, TP.HCM', 1, 210, 69),
    ('2028-07-18', '123 Lê Hồng Phong, Quận 5, TP.HCM', 1, 221, 80),
    ('2028-07-25', '345 Trần Hưng Đạo, Quận Bình Thạnh, TP.HCM', 1, 232, 91),
    ('2028-08-01', '567 Lý Tự Trọng, Quận 3, TP.HCM', 1, 241, 2),
    ('2028-08-08', '789 Nguyễn Thị Minh Khai, Quận 1, TP.HCM', 1, 2, 13),
    ('2028-08-15', '901 Lê Văn Sỹ, Quận 3, TP.HCM', 1, 13, 24),
    ('2028-08-22', '123 Phan Xích Long, Quận Phú Nhuận, TP.HCM', 1, 24, 35),
    ('2028-08-29', '345 Lê Hồng Phong, Quận 5, TP.HCM', 1, 35, 46),
    ('2028-09-05', '567 Trần Hưng Đạo, Quận Bình Thạnh, TP.HCM', 1, 46, 57),
    ('2028-09-12', '789 Lý Tự Trọng, Quận 3, TP.HCM', 1, 57, 68),
    ('2028-09-19', '901 Nguyễn Thị Minh Khai, Quận 1, TP.HCM', 1, 68, 79),
    ('2028-09-26', '123 Lê Văn Sỹ, Quận 3, TP.HCM', 1, 79, 90),
    ('2028-10-03', '345 Phan Xích Long, Quận Phú Nhuận, TP.HCM', 1, 90, 1),
    ('2028-10-10', '567 Lê Hồng Phong, Quận 5, TP.HCM', 1, 101, 12),
    ('2028-10-17', '789 Trần Hưng Đạo, Quận Bình Thạnh, TP.HCM', 1, 112, 23),
    ('2028-10-24', '901 Lý Tự Trọng, Quận 3, TP.HCM', 1, 123, 34),
    ('2028-10-31', '123 Nguyễn Thị Minh Khai, Quận 1, TP.HCM', 1, 134, 45),
    ('2028-11-07', '345 Lê Văn Sỹ, Quận 3, TP.HCM', 1, 145, 56),
    ('2028-11-14', '567 Phan Xích Long, Quận Phú Nhuận, TP.HCM', 1, 156, 67),
    ('2028-11-21', '789 Lê Hồng Phong, Quận 5, TP.HCM', 1, 167, 78),
    ('2028-11-28', '901 Trần Hưng Đạo, Quận Bình Thạnh, TP.HCM', 1, 178, 89),
    ('2028-12-05', '123 Lý Tự Trọng, Quận 3, TP.HCM', 1, 189, 100),
    ('2028-12-12', '345 Nguyễn Thị Minh Khai, Quận 1, TP.HCM', 1, 200, 11),
    ('2028-12-19', '567 Lê Văn Sỹ, Quận 3, TP.HCM', 1, 211, 22),
    ('2028-12-26', '789 Phan Xích Long, Quận Phú Nhuận, TP.HCM', 1, 222, 33);

    INSERT INTO LIST (QUANTITY, PRODUCT_ID, ORDER_ID) VALUES
(1, 32, 1),
(2, 45, 2),
(3, 78, 3),
(4, 89, 4),
(5, 145, 5),
(6, 67, 6),
(7, 34, 7),
(8, 210, 8),
(9, 156, 9),
(10, 233, 10),
(11, 111, 11),
(12, 145, 12),
(13, 87, 13),
(14, 98, 14),
(15, 123, 15),
(16, 200, 16),
(17, 167, 17),
(18, 230, 18),
(19, 30, 19),
(20, 88, 20),
(1, 134, 21),
(2, 231, 22),
(3, 55, 23),
(4, 92, 24),
(5, 66, 25),
(6, 179, 26),
(7, 213, 27),
(8, 14, 28),
(9, 67, 29),
(10, 150, 30),
(11, 198, 31),
(12, 76, 32),
(13, 109, 33),
(14, 32, 34),
(15, 129, 35),
(16, 174, 36),
(17, 205, 37),
(18, 50, 38),
(19, 67, 39),
(20, 154, 40),
(1, 76, 41),
(2, 200, 42),
(3, 199, 43),
(4, 178, 44),
(5, 201, 45),
(6, 100, 46),
(7, 189, 47),
(8, 122, 48),
(9, 176, 49),
(10, 93, 50),
(11, 222, 51),
(12, 58, 52),
(13, 77, 53),
(14, 160, 54),
(15, 130, 55),
(16, 204, 56),
(17, 88, 57),
(18, 200, 58),
(19, 56, 59),
(20, 174, 60),
(1, 200, 61),
(2, 123, 62),
(3, 234, 63),
(4, 89, 64),
(5, 33, 65),
(6, 167, 66),
(7, 77, 67),
(8, 198, 68),
(9, 56, 69),
(10, 99, 70),
(11, 222, 71),
(12, 111, 72),
(13, 45, 73),
(14, 67, 74),
(15, 123, 75),
(16, 200, 76),
(17, 174, 77),
(18, 50, 78),
(19, 198, 79),
(20, 76, 80),
(1, 93, 81),
(2, 24, 82),
(3, 167, 83),
(4, 100, 84),
(5, 123, 85),
(6, 56, 86),
(7, 89, 87),
(8, 99, 88),
(9, 176, 89),
(10, 200, 90),
(11, 130, 91),
(12, 154, 92),
(13, 222, 93),
(14, 77, 94),
(15, 204, 95),
(16, 45, 96),
(17, 111, 97),
(18, 160, 98),
(19, 109, 99),
(20, 234, 100),
(1, 88, 101),
(2, 93, 102),
(3, 176, 103),
(4, 200, 104),
(5, 25, 105),
(6, 67, 106),
(7, 111, 107),
(8, 89, 108),
(9, 167, 109),
(10, 45, 110),
(11, 77, 111),
(12, 200, 112),
(13, 176, 113),
(14, 130, 114),
(15, 154, 115),
(16, 222, 116),
(17, 77, 117),
(18, 204, 118),
(19, 45, 119),
(20, 111, 120),
(1, 160, 121),
(2, 109, 122),
(3, 234, 123),
(4, 88, 124),
(5, 93, 125),
(6, 176, 126),
(7, 200, 127),
(8, 210, 128),
(9, 67, 129),
(10, 111, 130),
(11, 89, 131),
(12, 167, 132),
(13, 54, 133),
(14, 77, 134),
(15, 200, 135),
(16, 176, 136),
(17, 130, 137),
(18, 154, 138),
(19, 222, 139),
(20, 77, 140),
(1, 204, 141),
(2, 45, 142),
(3, 111, 143),
(4, 160, 144),
(5, 109, 145),
(6, 234, 146),
(7, 88, 147),
(8, 93, 148),
(9, 176, 149),
(10, 200, 150),
(11, 100, 151),
(12, 67, 152),
(13, 111, 153),
(14, 89, 154),
(15, 167, 155),
(16, 145, 156),
(17, 77, 157),
(18, 200, 158),
(19, 176, 159),
(20, 130, 160),
(1, 154, 161),
(2, 222, 162),
(3, 77, 163),
(4, 204, 164),
(5, 45, 165),
(6, 111, 166),
(7, 160, 167),
(8, 109, 168),
(9, 234, 169),
(10, 88, 170),
(11, 93, 171),
(12, 176, 172),
(13, 200, 173),
(14, 111, 174),
(15, 67, 175),
(16, 111, 176),
(17, 89, 177),
(18, 167, 178),
(19, 222, 179),
(20, 77, 180),
(1, 200, 181),
(2, 176, 182),
(3, 130, 183),
(4, 154, 184),
(5, 222, 185),
(6, 77, 186),
(7, 204, 187),
(8, 45, 188),
(9, 111, 189),
(10, 160, 190),
(11, 109, 191),
(12, 234, 192),
(13, 88, 193),
(14, 93, 194),
(15, 176, 195),
(16, 200, 196),
(17, 111, 197),
(18, 67, 198),
(19, 111, 199),
(20, 89, 200),
(1, 167, 201),
(2, 44, 202),
(3, 77, 203),
(4, 200, 204),
(5, 176, 205),
(6, 130, 206),
(7, 154, 207),
(8, 222, 208),
(9, 77, 209),
(10, 204, 210),
(11, 45, 211),
(12, 111, 212),
(13, 160, 213),
(14, 109, 214),
(15, 234, 215),
(16, 88, 216),
(17, 93, 217),
(18, 176, 218),
(19, 200, 219),
(20, 99, 220),
(1, 67, 221),
(2, 111, 222),
(3, 89, 223),
(4, 167, 224),
(5, 88, 225),
(6, 77, 226),
(7, 200, 227),
(8, 176, 228),
(9, 130, 229),
(10, 154, 230),
(11, 222, 231),
(12, 77, 232),
(13, 204, 233),
(14, 45, 234),
(15, 111, 235),
(16, 160, 236),
(17, 109, 237),
(18, 234, 238),
(19, 88, 239),
(20, 93, 240),
(1, 176, 241),
(2, 200, 242),
(3, 201, 243),
(4, 67, 244),
(5, 111, 245),
(6, 89, 246),
(7, 167, 247),
(8, 222, 248),
(9, 77, 249),
(10, 200, 250),
(11, 176, 251),
(12, 130, 252),
(13, 154, 253),
(14, 222, 254),
(15, 77, 255),
(16, 204, 256),
(17, 45, 257),
(18, 111, 258),
(19, 160, 259),
(20, 109, 260);







